Breed Size,Sex,Reference Age,Comparison Age,HR,Lower 95%,Upper 95%,E-value,E-value Lower 95%
Toy and Small,Female,0.5,0.5,1.000,1.000,1.000,1.000,1.000
Toy and Small,Female,0.5,1,1.198,1.133,1.268,1.523,1.404
Toy and Small,Female,0.5,1.5,1.344,1.260,1.434,1.756,1.625
Toy and Small,Female,0.5,2,1.447,1.342,1.560,1.905,1.753
Toy and Small,Female,0.5,2.5,1.521,1.401,1.652,2.007,1.839
Toy and Small,Female,0.5,3,1.571,1.449,1.703,2.074,1.907
Toy and Small,Female,0.5,3.5,1.600,1.484,1.726,2.113,1.956
Toy and Small,Female,0.5,4,1.616,1.501,1.739,2.133,1.980
Toy and Small,Female,0.5,4.5,1.624,1.504,1.753,2.144,1.984
Toy and Small,Female,0.5,5,1.628,1.501,1.766,2.150,1.981
Toy and Small,Female,0.5,5.5,1.630,1.498,1.773,2.152,1.976
Toy and Small,Female,0.5,6,1.629,1.495,1.774,2.151,1.972
Toy and Small,Female,1,0.5,0.834,0.789,0.883,1.523,
Toy and Small,Female,1,1,1.000,1.000,1.000,1.000,1.000
Toy and Small,Female,1,1.5,1.122,1.086,1.159,1.383,1.308
Toy and Small,Female,1,2,1.207,1.128,1.292,1.538,1.395
Toy and Small,Female,1,2.5,1.269,1.167,1.381,1.640,1.467
Toy and Small,Female,1,3,1.311,1.203,1.428,1.705,1.531
Toy and Small,Female,1,3.5,1.335,1.232,1.448,1.742,1.579
Toy and Small,Female,1,4,1.348,1.248,1.456,1.761,1.606
Toy and Small,Female,1,4.5,1.355,1.254,1.464,1.771,1.615
Toy and Small,Female,1,5,1.359,1.254,1.472,1.777,1.615
Toy and Small,Female,1,5.5,1.360,1.253,1.477,1.779,1.613
Toy and Small,Female,1,6,1.359,1.251,1.477,1.778,1.610
Toy and Small,Female,1.5,0.5,0.744,0.697,0.794,1.756,
Toy and Small,Female,1.5,1,0.891,0.863,0.921,1.383,
Toy and Small,Female,1.5,1.5,1.000,1.000,1.000,1.000,1.000
Toy and Small,Female,1.5,2,1.076,1.037,1.117,1.287,1.186
Toy and Small,Female,1.5,2.5,1.131,1.070,1.196,1.401,1.273
Toy and Small,Female,1.5,3,1.168,1.100,1.241,1.470,1.339
Toy and Small,Female,1.5,3.5,1.190,1.120,1.265,1.509,1.379
Toy and Small,Female,1.5,4,1.202,1.125,1.284,1.528,1.389
Toy and Small,Female,1.5,4.5,1.208,1.121,1.301,1.539,1.381
Toy and Small,Female,1.5,5,1.211,1.115,1.315,1.544,1.369
Toy and Small,Female,1.5,5.5,1.212,1.110,1.324,1.546,1.359
Toy and Small,Female,1.5,6,1.211,1.107,1.326,1.545,1.352
Toy and Small,Female,2,0.5,0.691,0.641,0.745,1.905,
Toy and Small,Female,2,1,0.828,0.774,0.886,1.538,
Toy and Small,Female,2,1.5,0.929,0.895,0.965,1.287,
Toy and Small,Female,2,2,1.000,1.000,1.000,1.000,1.000
Toy and Small,Female,2,2.5,1.051,1.031,1.072,1.226,1.169
Toy and Small,Female,2,3,1.086,1.054,1.118,1.307,1.232
Toy and Small,Female,2,3.5,1.106,1.060,1.154,1.351,1.248
Toy and Small,Female,2,4,1.117,1.051,1.186,1.372,1.227
Toy and Small,Female,2,4.5,1.122,1.039,1.212,1.383,1.192
Toy and Small,Female,2,5,1.125,1.028,1.232,1.389,1.161
Toy and Small,Female,2,5.5,1.126,1.021,1.243,1.392,1.136
Toy and Small,Female,2,6,1.126,1.016,1.247,1.390,1.117
Toy and Small,Female,2.5,0.5,0.657,0.605,0.714,2.007,
Toy and Small,Female,2.5,1,0.788,0.724,0.857,1.640,
Toy and Small,Female,2.5,1.5,0.884,0.836,0.934,1.401,
Toy and Small,Female,2.5,2,0.951,0.933,0.970,1.226,
Toy and Small,Female,2.5,2.5,1.000,1.000,1.000,1.000,1.000
Toy and Small,Female,2.5,3,1.033,1.017,1.048,1.174,1.121
Toy and Small,Female,2.5,3.5,1.052,1.016,1.089,1.228,1.118
Toy and Small,Female,2.5,4,1.062,1.003,1.124,1.254,1.051
Toy and Small,Female,2.5,4.5,1.067,0.989,1.153,1.266,1.000
Toy and Small,Female,2.5,5,1.070,0.977,1.172,1.273,1.000
Toy and Small,Female,2.5,5.5,1.071,0.969,1.184,1.276,1.000
Toy and Small,Female,2.5,6,1.071,0.964,1.189,1.274,1.000
Toy and Small,Female,3,0.5,0.637,0.587,0.690,2.074,
Toy and Small,Female,3,1,0.763,0.700,0.831,1.705,
Toy and Small,Female,3,1.5,0.856,0.806,0.909,1.470,
Toy and Small,Female,3,2,0.921,0.894,0.949,1.307,
Toy and Small,Female,3,2.5,0.968,0.954,0.983,1.174,
Toy and Small,Female,3,3,1.000,1.000,1.000,1.000,1.000
Toy and Small,Female,3,3.5,1.019,0.998,1.040,1.128,1.000
Toy and Small,Female,3,4,1.029,0.984,1.075,1.162,1.000
Toy and Small,Female,3,4.5,1.034,0.969,1.103,1.178,1.000
Toy and Small,Female,3,5,1.037,0.957,1.123,1.186,1.000
Toy and Small,Female,3,5.5,1.038,0.949,1.134,1.189,1.000
Toy and Small,Female,3,6,1.037,0.943,1.140,1.187,1.000
Toy and Small,Female,3.5,0.5,0.625,0.579,0.674,2.113,
Toy and Small,Female,3.5,1,0.749,0.691,0.812,1.742,
Toy and Small,Female,3.5,1.5,0.840,0.790,0.893,1.509,
Toy and Small,Female,3.5,2,0.904,0.867,0.943,1.351,
Toy and Small,Female,3.5,2.5,0.951,0.918,0.984,1.228,
Toy and Small,Female,3.5,3,0.982,0.961,1.002,1.128,
Toy and Small,Female,3.5,3.5,1.000,1.000,1.000,1.000,1.000
Toy and Small,Female,3.5,4,1.010,0.986,1.034,1.089,1.000
Toy and Small,Female,3.5,4.5,1.015,0.971,1.061,1.111,1.000
Toy and Small,Female,3.5,5,1.017,0.959,1.080,1.123,1.000
Toy and Small,Female,3.5,5.5,1.018,0.950,1.092,1.127,1.000
Toy and Small,Female,3.5,6,1.018,0.944,1.098,1.124,1.000
Toy and Small,Female,4,0.5,0.619,0.575,0.666,2.133,
Toy and Small,Female,4,1,0.742,0.687,0.801,1.761,
Toy and Small,Female,4,1.5,0.832,0.779,0.889,1.528,
Toy and Small,Female,4,2,0.896,0.843,0.951,1.372,
Toy and Small,Female,4,2.5,0.941,0.889,0.997,1.254,
Toy and Small,Female,4,3,0.972,0.930,1.016,1.162,
Toy and Small,Female,4,3.5,0.990,0.967,1.014,1.089,
Toy and Small,Female,4,4,1.000,1.000,1.000,1.000,1.000
Toy and Small,Female,4,4.5,1.005,0.984,1.026,1.062,1.000
Toy and Small,Female,4,5,1.008,0.972,1.045,1.079,1.000
Toy and Small,Female,4,5.5,1.009,0.963,1.057,1.084,1.000
Toy and Small,Female,4,6,1.008,0.956,1.064,1.081,1.000
Toy and Small,Female,4.5,0.5,0.616,0.570,0.665,2.144,
Toy and Small,Female,4.5,1,0.738,0.683,0.798,1.771,
Toy and Small,Female,4.5,1.5,0.828,0.768,0.892,1.539,
Toy and Small,Female,4.5,2,0.891,0.825,0.963,1.383,
Toy and Small,Female,4.5,2.5,0.937,0.868,1.012,1.266,
Toy and Small,Female,4.5,3,0.967,0.907,1.032,1.178,
Toy and Small,Female,4.5,3.5,0.986,0.943,1.030,1.111,
Toy and Small,Female,4.5,4,0.995,0.975,1.016,1.062,
Toy and Small,Female,4.5,4.5,1.000,1.000,1.000,1.000,1.000
Toy and Small,Female,4.5,5,1.003,0.987,1.018,1.046,1.000
Toy and Small,Female,4.5,5.5,1.004,0.978,1.031,1.054,1.000
Toy and Small,Female,4.5,6,1.003,0.969,1.038,1.049,1.000
Toy and Small,Female,5,0.5,0.614,0.566,0.666,2.150,
Toy and Small,Female,5,1,0.736,0.679,0.798,1.777,
Toy and Small,Female,5,1.5,0.826,0.760,0.897,1.544,
Toy and Small,Female,5,2,0.889,0.812,0.973,1.389,
Toy and Small,Female,5,2.5,0.934,0.853,1.023,1.273,
Toy and Small,Female,5,3,0.965,0.891,1.045,1.186,
Toy and Small,Female,5,3.5,0.983,0.926,1.043,1.123,
Toy and Small,Female,5,4,0.992,0.957,1.029,1.079,
Toy and Small,Female,5,4.5,0.997,0.982,1.013,1.046,
Toy and Small,Female,5,5,1.000,1.000,1.000,1.000,1.000
Toy and Small,Female,5,5.5,1.001,0.990,1.012,1.027,1.000
Toy and Small,Female,5,6,1.000,0.980,1.021,1.015,1.000
Toy and Small,Female,5.5,0.5,0.614,0.564,0.667,2.152,
Toy and Small,Female,5.5,1,0.735,0.677,0.798,1.779,
Toy and Small,Female,5.5,1.5,0.825,0.755,0.901,1.546,
Toy and Small,Female,5.5,2,0.888,0.805,0.979,1.392,
Toy and Small,Female,5.5,2.5,0.933,0.844,1.032,1.276,
Toy and Small,Female,5.5,3,0.964,0.881,1.054,1.189,
Toy and Small,Female,5.5,3.5,0.982,0.916,1.053,1.127,
Toy and Small,Female,5.5,4,0.991,0.946,1.039,1.084,
Toy and Small,Female,5.5,4.5,0.996,0.970,1.023,1.054,
Toy and Small,Female,5.5,5,0.999,0.988,1.010,1.027,
Toy and Small,Female,5.5,5.5,1.000,1.000,1.000,1.000,1.000
Toy and Small,Female,5.5,6,0.999,0.990,1.009,1.022,
Toy and Small,Female,6,0.5,0.614,0.564,0.669,2.151,
Toy and Small,Female,6,1,0.736,0.677,0.799,1.778,
Toy and Small,Female,6,1.5,0.825,0.754,0.904,1.545,
Toy and Small,Female,6,2,0.888,0.802,0.984,1.390,
Toy and Small,Female,6,2.5,0.934,0.841,1.037,1.274,
Toy and Small,Female,6,3,0.964,0.877,1.060,1.187,
Toy and Small,Female,6,3.5,0.982,0.911,1.060,1.124,
Toy and Small,Female,6,4,0.992,0.940,1.047,1.081,
Toy and Small,Female,6,4.5,0.997,0.963,1.032,1.049,
Toy and Small,Female,6,5,1.000,0.979,1.020,1.015,
Toy and Small,Female,6,5.5,1.001,0.991,1.010,1.022,1.000
Toy and Small,Female,6,6,1.000,1.000,1.000,1.000,1.000
Toy and Small,Male,0.5,0.5,1.000,1.000,1.000,1.000,1.000
Toy and Small,Male,0.5,1,1.139,1.078,1.204,1.416,1.291
Toy and Small,Male,0.5,1.5,1.322,1.241,1.408,1.722,1.594
Toy and Small,Male,0.5,2,1.512,1.405,1.628,1.996,1.846
Toy and Small,Male,0.5,2.5,1.675,1.546,1.816,2.211,2.040
Toy and Small,Male,0.5,3,1.803,1.666,1.951,2.371,2.199
Toy and Small,Male,0.5,3.5,1.897,1.762,2.043,2.485,2.320
Toy and Small,Male,0.5,4,1.962,1.825,2.110,2.562,2.398
Toy and Small,Male,0.5,4.5,2.007,1.860,2.166,2.615,2.441
Toy and Small,Male,0.5,5,2.037,1.879,2.208,2.649,2.463
Toy and Small,Male,0.5,5.5,2.053,1.888,2.233,2.668,2.474
Toy and Small,Male,0.5,6,2.057,1.888,2.240,2.672,2.475
Toy and Small,Male,1,0.5,0.878,0.831,0.927,1.416,
Toy and Small,Male,1,1,1.000,1.000,1.000,1.000,1.000
Toy and Small,Male,1,1.5,1.160,1.124,1.198,1.455,1.386
Toy and Small,Male,1,2,1.327,1.242,1.418,1.730,1.597
Toy and Small,Male,1,2.5,1.470,1.355,1.596,1.938,1.771
Toy and Small,Male,1,3,1.583,1.456,1.720,2.090,1.918
Toy and Small,Male,1,3.5,1.665,1.539,1.801,2.198,2.032
Toy and Small,Male,1,4,1.722,1.598,1.857,2.271,2.110
Toy and Small,Male,1,4.5,1.762,1.633,1.901,2.320,2.156
Toy and Small,Male,1,5,1.788,1.652,1.935,2.352,2.181
Toy and Small,Male,1,5.5,1.802,1.661,1.955,2.370,2.193
Toy and Small,Male,1,6,1.805,1.663,1.960,2.374,2.195
Toy and Small,Male,1.5,0.5,0.757,0.710,0.806,1.722,
Toy and Small,Male,1.5,1,0.862,0.835,0.890,1.455,
Toy and Small,Male,1.5,1.5,1.000,1.000,1.000,1.000,1.000
Toy and Small,Male,1.5,2,1.144,1.103,1.187,1.426,1.345
Toy and Small,Male,1.5,2.5,1.267,1.201,1.337,1.637,1.527
Toy and Small,Male,1.5,3,1.364,1.287,1.446,1.785,1.668
Toy and Small,Male,1.5,3.5,1.435,1.353,1.523,1.888,1.768
Toy and Small,Male,1.5,4,1.485,1.392,1.584,1.957,1.826
Toy and Small,Male,1.5,4.5,1.518,1.411,1.635,2.004,1.853
Toy and Small,Male,1.5,5,1.541,1.420,1.673,2.034,1.866
Toy and Small,Male,1.5,5.5,1.553,1.423,1.695,2.051,1.871
Toy and Small,Male,1.5,6,1.556,1.422,1.702,2.054,1.870
Toy and Small,Male,2,0.5,0.661,0.614,0.712,1.996,
Toy and Small,Male,2,1,0.753,0.705,0.805,1.730,
Toy and Small,Male,2,1.5,0.874,0.843,0.906,1.426,
Toy and Small,Male,2,2,1.000,1.000,1.000,1.000,1.000
Toy and Small,Male,2,2.5,1.108,1.087,1.129,1.354,1.310
Toy and Small,Male,2,3,1.192,1.158,1.227,1.512,1.451
Toy and Small,Male,2,3.5,1.254,1.203,1.308,1.616,1.530
Toy and Small,Male,2,4,1.298,1.222,1.377,1.684,1.563
Toy and Small,Male,2,4.5,1.327,1.229,1.433,1.730,1.574
Toy and Small,Male,2,5,1.347,1.231,1.473,1.759,1.578
Toy and Small,Male,2,5.5,1.357,1.231,1.497,1.775,1.578
Toy and Small,Male,2,6,1.360,1.228,1.506,1.779,1.573
Toy and Small,Male,2.5,0.5,0.597,0.551,0.647,2.211,
Toy and Small,Male,2.5,1,0.680,0.627,0.738,1.938,
Toy and Small,Male,2.5,1.5,0.789,0.748,0.833,1.637,
Toy and Small,Male,2.5,2,0.903,0.886,0.920,1.354,
Toy and Small,Male,2.5,2.5,1.000,1.000,1.000,1.000,1.000
Toy and Small,Male,2.5,3,1.076,1.060,1.093,1.287,1.249
Toy and Small,Male,2.5,3.5,1.133,1.094,1.172,1.403,1.326
Toy and Small,Male,2.5,4,1.171,1.107,1.240,1.476,1.353
Toy and Small,Male,2.5,4.5,1.198,1.110,1.293,1.522,1.359
Toy and Small,Male,2.5,5,1.216,1.111,1.331,1.553,1.361
Toy and Small,Male,2.5,5.5,1.226,1.110,1.354,1.569,1.358
Toy and Small,Male,2.5,6,1.228,1.106,1.363,1.572,1.351
Toy and Small,Male,3,0.5,0.555,0.512,0.600,2.371,
Toy and Small,Male,3,1,0.632,0.581,0.687,2.090,
Toy and Small,Male,3,1.5,0.733,0.692,0.777,1.785,
Toy and Small,Male,3,2,0.839,0.815,0.864,1.512,
Toy and Small,Male,3,2.5,0.929,0.915,0.943,1.287,
Toy and Small,Male,3,3,1.000,1.000,1.000,1.000,1.000
Toy and Small,Male,3,3.5,1.052,1.031,1.074,1.229,1.168
Toy and Small,Male,3,4,1.088,1.041,1.137,1.314,1.200
Toy and Small,Male,3,4.5,1.113,1.044,1.187,1.365,1.206
Toy and Small,Male,3,5,1.130,1.044,1.222,1.398,1.207
Toy and Small,Male,3,5.5,1.139,1.042,1.244,1.415,1.202
Toy and Small,Male,3,6,1.141,1.038,1.253,1.419,1.191
Toy and Small,Male,3.5,0.5,0.527,0.489,0.568,2.485,
Toy and Small,Male,3.5,1,0.601,0.555,0.650,2.198,
Toy and Small,Male,3.5,1.5,0.697,0.657,0.739,1.888,
Toy and Small,Male,3.5,2,0.797,0.764,0.831,1.616,
Toy and Small,Male,3.5,2.5,0.883,0.853,0.914,1.403,
Toy and Small,Male,3.5,3,0.950,0.931,0.970,1.229,
Toy and Small,Male,3.5,3.5,1.000,1.000,1.000,1.000,1.000
Toy and Small,Male,3.5,4,1.034,1.010,1.059,1.180,1.092
Toy and Small,Male,3.5,4.5,1.058,1.012,1.106,1.243,1.101
Toy and Small,Male,3.5,5,1.074,1.012,1.139,1.281,1.101
Toy and Small,Male,3.5,5.5,1.082,1.010,1.159,1.300,1.091
Toy and Small,Male,3.5,6,1.084,1.006,1.168,1.304,1.068
Toy and Small,Male,4,0.5,0.510,0.474,0.548,2.562,
Toy and Small,Male,4,1,0.581,0.539,0.626,2.271,
Toy and Small,Male,4,1.5,0.674,0.631,0.719,1.957,
Toy and Small,Male,4,2,0.771,0.726,0.818,1.684,
Toy and Small,Male,4,2.5,0.854,0.807,0.903,1.476,
Toy and Small,Male,4,3,0.919,0.879,0.960,1.314,
Toy and Small,Male,4,3.5,0.967,0.944,0.990,1.180,
Toy and Small,Male,4,4,1.000,1.000,1.000,1.000,1.000
Toy and Small,Male,4,4.5,1.023,1.002,1.044,1.142,1.037
Toy and Small,Male,4,5,1.038,1.002,1.076,1.190,1.033
Toy and Small,Male,4,5.5,1.046,0.999,1.096,1.213,1.000
Toy and Small,Male,4,6,1.048,0.994,1.105,1.218,1.000
Toy and Small,Male,4.5,0.5,0.498,0.462,0.538,2.615,
Toy and Small,Male,4.5,1,0.568,0.526,0.612,2.320,
Toy and Small,Male,4.5,1.5,0.659,0.612,0.709,2.004,
Toy and Small,Male,4.5,2,0.754,0.698,0.814,1.730,
Toy and Small,Male,4.5,2.5,0.835,0.773,0.901,1.522,
Toy and Small,Male,4.5,3,0.898,0.842,0.958,1.365,
Toy and Small,Male,4.5,3.5,0.945,0.904,0.988,1.243,
Toy and Small,Male,4.5,4,0.978,0.958,0.998,1.142,
Toy and Small,Male,4.5,4.5,1.000,1.000,1.000,1.000,1.000
Toy and Small,Male,4.5,5,1.015,0.999,1.030,1.112,1.000
Toy and Small,Male,4.5,5.5,1.023,0.996,1.050,1.142,1.000
Toy and Small,Male,4.5,6,1.025,0.990,1.060,1.149,1.000
Toy and Small,Male,5,0.5,0.491,0.453,0.532,2.649,
Toy and Small,Male,5,1,0.559,0.517,0.605,2.352,
Toy and Small,Male,5,1.5,0.649,0.598,0.704,2.034,
Toy and Small,Male,5,2,0.742,0.679,0.812,1.759,
Toy and Small,Male,5,2.5,0.822,0.751,0.900,1.553,
Toy and Small,Male,5,3,0.885,0.818,0.958,1.398,
Toy and Small,Male,5,3.5,0.931,0.878,0.988,1.281,
Toy and Small,Male,5,4,0.963,0.930,0.998,1.190,
Toy and Small,Male,5,4.5,0.985,0.970,1.001,1.112,
Toy and Small,Male,5,5,1.000,1.000,1.000,1.000,1.000
Toy and Small,Male,5,5.5,1.008,0.997,1.019,1.080,1.000
Toy and Small,Male,5,6,1.010,0.989,1.030,1.089,1.000
Toy and Small,Male,5.5,0.5,0.487,0.448,0.530,2.668,
Toy and Small,Male,5.5,1,0.555,0.512,0.602,2.370,
Toy and Small,Male,5.5,1.5,0.644,0.590,0.703,2.051,
Toy and Small,Male,5.5,2,0.737,0.668,0.812,1.775,
Toy and Small,Male,5.5,2.5,0.816,0.739,0.901,1.569,
Toy and Small,Male,5.5,3,0.878,0.804,0.960,1.415,
Toy and Small,Male,5.5,3.5,0.924,0.863,0.990,1.300,
Toy and Small,Male,5.5,4,0.956,0.913,1.001,1.213,
Toy and Small,Male,5.5,4.5,0.978,0.952,1.004,1.142,
Toy and Small,Male,5.5,5,0.992,0.981,1.003,1.080,
Toy and Small,Male,5.5,5.5,1.000,1.000,1.000,1.000,1.000
Toy and Small,Male,5.5,6,1.002,0.992,1.012,1.036,1.000
Toy and Small,Male,6,0.5,0.486,0.446,0.530,2.672,
Toy and Small,Male,6,1,0.554,0.510,0.601,2.374,
Toy and Small,Male,6,1.5,0.643,0.587,0.703,2.054,
Toy and Small,Male,6,2,0.735,0.664,0.814,1.779,
Toy and Small,Male,6,2.5,0.814,0.734,0.904,1.572,
Toy and Small,Male,6,3,0.877,0.798,0.963,1.419,
Toy and Small,Male,6,3.5,0.922,0.856,0.994,1.304,
Toy and Small,Male,6,4,0.954,0.905,1.006,1.218,
Toy and Small,Male,6,4.5,0.976,0.943,1.010,1.149,
Toy and Small,Male,6,5,0.990,0.970,1.011,1.089,
Toy and Small,Male,6,5.5,0.998,0.989,1.008,1.036,
Toy and Small,Male,6,6,1.000,1.000,1.000,1.000,1.000
Medium,Female,0.5,0.5,1.000,1.000,1.000,1.000,1.000
Medium,Female,0.5,1,1.234,1.101,1.381,1.582,1.341
Medium,Female,0.5,1.5,1.366,1.201,1.553,1.788,1.527
Medium,Female,0.5,2,1.432,1.240,1.653,1.883,1.593
Medium,Female,0.5,2.5,1.475,1.259,1.727,1.943,1.624
Medium,Female,0.5,3,1.501,1.281,1.758,1.980,1.659
Medium,Female,0.5,3.5,1.515,1.302,1.762,1.999,1.692
Medium,Female,0.5,4,1.521,1.313,1.761,2.007,1.709
Medium,Female,0.5,4.5,1.524,1.313,1.769,2.012,1.709
Medium,Female,0.5,5,1.528,1.310,1.783,2.017,1.703
Medium,Female,0.5,5.5,1.531,1.307,1.794,2.021,1.699
Medium,Female,0.5,6,1.535,1.308,1.801,2.026,1.701
Medium,Female,1,0.5,0.811,0.724,0.908,1.582,
Medium,Female,1,1,1.000,1.000,1.000,1.000,1.000
Medium,Female,1,1.5,1.107,1.043,1.175,1.353,1.204
Medium,Female,1,2,1.161,1.024,1.315,1.456,1.147
Medium,Female,1,2.5,1.195,1.021,1.400,1.518,1.134
Medium,Female,1,3,1.217,1.032,1.434,1.554,1.172
Medium,Female,1,3.5,1.228,1.049,1.438,1.573,1.220
Medium,Female,1,4,1.233,1.062,1.432,1.581,1.253
Medium,Female,1,4.5,1.236,1.067,1.432,1.586,1.265
Medium,Female,1,5,1.239,1.068,1.437,1.590,1.266
Medium,Female,1,5.5,1.242,1.068,1.443,1.595,1.268
Medium,Female,1,6,1.245,1.071,1.447,1.600,1.274
Medium,Female,1.5,0.5,0.732,0.644,0.833,1.788,
Medium,Female,1.5,1,0.903,0.851,0.959,1.353,
Medium,Female,1.5,1.5,1.000,1.000,1.000,1.000,1.000
Medium,Female,1.5,2,1.048,0.977,1.125,1.219,1.000
Medium,Female,1.5,2.5,1.080,0.971,1.200,1.294,1.000
Medium,Female,1.5,3,1.099,0.978,1.235,1.336,1.000
Medium,Female,1.5,3.5,1.109,0.986,1.247,1.357,1.000
Medium,Female,1.5,4,1.114,0.986,1.257,1.366,1.000
Medium,Female,1.5,4.5,1.116,0.979,1.273,1.371,1.000
Medium,Female,1.5,5,1.119,0.970,1.289,1.376,1.000
Medium,Female,1.5,5.5,1.121,0.965,1.302,1.381,1.000
Medium,Female,1.5,6,1.124,0.964,1.310,1.387,1.000
Medium,Female,2,0.5,0.698,0.605,0.806,1.883,
Medium,Female,2,1,0.861,0.760,0.976,1.456,
Medium,Female,2,1.5,0.954,0.889,1.023,1.219,
Medium,Female,2,2,1.000,1.000,1.000,1.000,1.000
Medium,Female,2,2.5,1.030,0.992,1.070,1.166,1.000
Medium,Female,2,3,1.048,0.991,1.109,1.218,1.000
Medium,Female,2,3.5,1.058,0.982,1.139,1.243,1.000
Medium,Female,2,4,1.062,0.962,1.173,1.254,1.000
Medium,Female,2,4.5,1.065,0.939,1.208,1.260,1.000
Medium,Female,2,5,1.067,0.922,1.235,1.265,1.000
Medium,Female,2,5.5,1.070,0.912,1.255,1.271,1.000
Medium,Female,2,6,1.072,0.908,1.266,1.277,1.000
Medium,Female,2.5,0.5,0.678,0.579,0.794,1.943,
Medium,Female,2.5,1,0.836,0.714,0.980,1.518,
Medium,Female,2.5,1.5,0.926,0.833,1.030,1.294,
Medium,Female,2.5,2,0.971,0.935,1.009,1.166,
Medium,Female,2.5,2.5,1.000,1.000,1.000,1.000,1.000
Medium,Female,2.5,3,1.018,0.992,1.044,1.124,1.000
Medium,Female,2.5,3.5,1.027,0.971,1.086,1.157,1.000
Medium,Female,2.5,4,1.031,0.941,1.130,1.170,1.000
Medium,Female,2.5,4.5,1.034,0.913,1.170,1.178,1.000
Medium,Female,2.5,5,1.036,0.894,1.201,1.185,1.000
Medium,Female,2.5,5.5,1.039,0.883,1.222,1.192,1.000
Medium,Female,2.5,6,1.041,0.877,1.235,1.199,1.000
Medium,Female,3,0.5,0.666,0.569,0.781,1.980,
Medium,Female,3,1,0.822,0.697,0.969,1.554,
Medium,Female,3,1.5,0.910,0.810,1.023,1.336,
Medium,Female,3,2,0.954,0.902,1.009,1.218,
Medium,Female,3,2.5,0.983,0.958,1.008,1.124,
Medium,Female,3,3,1.000,1.000,1.000,1.000,1.000
Medium,Female,3,3.5,1.009,0.976,1.044,1.087,1.000
Medium,Female,3,4,1.013,0.943,1.089,1.106,1.000
Medium,Female,3,4.5,1.016,0.914,1.129,1.115,1.000
Medium,Female,3,5,1.018,0.894,1.159,1.125,1.000
Medium,Female,3,5.5,1.020,0.882,1.181,1.134,1.000
Medium,Female,3,6,1.023,0.876,1.195,1.142,1.000
Medium,Female,3.5,0.5,0.660,0.568,0.768,1.999,
Medium,Female,3.5,1,0.814,0.696,0.953,1.573,
Medium,Female,3.5,1.5,0.902,0.802,1.014,1.357,
Medium,Female,3.5,2,0.945,0.878,1.018,1.243,
Medium,Female,3.5,2.5,0.974,0.920,1.030,1.157,
Medium,Female,3.5,3,0.991,0.958,1.025,1.087,
Medium,Female,3.5,3.5,1.000,1.000,1.000,1.000,1.000
Medium,Female,3.5,4,1.004,0.966,1.044,1.056,1.000
Medium,Female,3.5,4.5,1.006,0.936,1.082,1.071,1.000
Medium,Female,3.5,5,1.009,0.915,1.112,1.084,1.000
Medium,Female,3.5,5.5,1.011,0.902,1.134,1.095,1.000
Medium,Female,3.5,6,1.013,0.895,1.148,1.106,1.000
Medium,Female,4,0.5,0.657,0.568,0.761,2.007,
Medium,Female,4,1,0.811,0.699,0.942,1.581,
Medium,Female,4,1.5,0.898,0.795,1.014,1.366,
Medium,Female,4,2,0.941,0.852,1.040,1.254,
Medium,Female,4,2.5,0.970,0.885,1.063,1.170,
Medium,Female,4,3,0.987,0.919,1.060,1.106,
Medium,Female,4,3.5,0.996,0.958,1.035,1.056,
Medium,Female,4,4,1.000,1.000,1.000,1.000,1.000
Medium,Female,4,4.5,1.002,0.968,1.037,1.041,1.000
Medium,Female,4,5,1.005,0.946,1.066,1.059,1.000
Medium,Female,4,5.5,1.007,0.932,1.088,1.074,1.000
Medium,Female,4,6,1.009,0.924,1.103,1.087,1.000
Medium,Female,4.5,0.5,0.656,0.565,0.761,2.012,
Medium,Female,4.5,1,0.809,0.699,0.937,1.586,
Medium,Female,4.5,1.5,0.896,0.786,1.022,1.371,
Medium,Female,4.5,2,0.939,0.828,1.065,1.260,
Medium,Female,4.5,2.5,0.967,0.855,1.095,1.178,
Medium,Female,4.5,3,0.985,0.886,1.094,1.115,
Medium,Female,4.5,3.5,0.994,0.924,1.069,1.071,
Medium,Female,4.5,4,0.998,0.964,1.033,1.041,
Medium,Female,4.5,4.5,1.000,1.000,1.000,1.000,1.000
Medium,Female,4.5,5,1.002,0.977,1.028,1.041,1.000
Medium,Female,4.5,5.5,1.005,0.962,1.049,1.060,1.000
Medium,Female,4.5,6,1.007,0.952,1.065,1.075,1.000
Medium,Female,5,0.5,0.655,0.561,0.764,2.017,
Medium,Female,5,1,0.807,0.696,0.937,1.590,
Medium,Female,5,1.5,0.894,0.776,1.031,1.376,
Medium,Female,5,2,0.937,0.810,1.085,1.265,
Medium,Female,5,2.5,0.965,0.833,1.118,1.185,
Medium,Female,5,3,0.982,0.863,1.119,1.125,
Medium,Female,5,3.5,0.991,0.899,1.093,1.084,
Medium,Female,5,4,0.995,0.938,1.057,1.059,
Medium,Female,5,4.5,0.998,0.973,1.023,1.041,
Medium,Female,5,5,1.000,1.000,1.000,1.000,1.000
Medium,Female,5,5.5,1.002,0.984,1.021,1.042,1.000
Medium,Female,5,6,1.005,0.972,1.038,1.061,1.000
Medium,Female,5.5,0.5,0.653,0.557,0.765,2.021,
Medium,Female,5.5,1,0.805,0.693,0.936,1.595,
Medium,Female,5.5,1.5,0.892,0.768,1.036,1.381,
Medium,Female,5.5,2,0.935,0.797,1.097,1.271,
Medium,Female,5.5,2.5,0.963,0.818,1.133,1.192,
Medium,Female,5.5,3,0.980,0.847,1.134,1.134,
Medium,Female,5.5,3.5,0.989,0.882,1.109,1.095,
Medium,Female,5.5,4,0.993,0.919,1.073,1.074,
Medium,Female,5.5,4.5,0.995,0.953,1.040,1.060,
Medium,Female,5.5,5,0.998,0.979,1.016,1.042,
Medium,Female,5.5,5.5,1.000,1.000,1.000,1.000,1.000
Medium,Female,5.5,6,1.002,0.987,1.018,1.043,1.000
Medium,Female,6,0.5,0.651,0.555,0.764,2.026,
Medium,Female,6,1,0.804,0.691,0.934,1.600,
Medium,Female,6,1.5,0.890,0.763,1.037,1.387,
Medium,Female,6,2,0.933,0.790,1.102,1.277,
Medium,Female,6,2.5,0.961,0.810,1.140,1.199,
Medium,Female,6,3,0.978,0.837,1.142,1.142,
Medium,Female,6,3.5,0.987,0.871,1.118,1.106,
Medium,Female,6,4,0.991,0.907,1.082,1.087,
Medium,Female,6,4.5,0.993,0.939,1.051,1.075,
Medium,Female,6,5,0.995,0.963,1.028,1.061,
Medium,Female,6,5.5,0.998,0.983,1.013,1.043,
Medium,Female,6,6,1.000,1.000,1.000,1.000,1.000
Medium,Male,0.5,0.5,1.000,1.000,1.000,1.000,1.000
Medium,Male,0.5,1,1.173,1.049,1.311,1.478,1.221
Medium,Male,0.5,1.5,1.343,1.183,1.524,1.754,1.496
Medium,Male,0.5,2,1.497,1.299,1.724,1.974,1.687
Medium,Male,0.5,2.5,1.624,1.390,1.898,2.144,1.823
Medium,Male,0.5,3,1.723,1.474,2.014,2.271,1.942
Medium,Male,0.5,3.5,1.796,1.547,2.085,2.362,2.042
Medium,Male,0.5,4,1.847,1.598,2.136,2.425,2.110
Medium,Male,0.5,4.5,1.884,1.626,2.184,2.470,2.147
Medium,Male,0.5,5,1.911,1.641,2.227,2.502,2.166
Medium,Male,0.5,5.5,1.929,1.649,2.257,2.523,2.177
Medium,Male,0.5,6,1.939,1.654,2.272,2.534,2.184
Medium,Male,1,0.5,0.853,0.763,0.953,1.478,
Medium,Male,1,1,1.000,1.000,1.000,1.000,1.000
Medium,Male,1,1.5,1.145,1.080,1.215,1.427,1.294
Medium,Male,1,2,1.276,1.128,1.444,1.651,1.395
Medium,Male,1,2.5,1.385,1.185,1.618,1.816,1.499
Medium,Male,1,3,1.469,1.249,1.728,1.936,1.608
Medium,Male,1,3.5,1.531,1.311,1.789,2.021,1.705
Medium,Male,1,4,1.575,1.360,1.825,2.080,1.778
Medium,Male,1,4.5,1.607,1.390,1.858,2.122,1.823
Medium,Male,1,5,1.630,1.407,1.888,2.152,1.848
Medium,Male,1,5.5,1.645,1.418,1.909,2.172,1.863
Medium,Male,1,6,1.653,1.424,1.918,2.182,1.873
Medium,Male,1.5,0.5,0.745,0.656,0.845,1.754,
Medium,Male,1.5,1,0.873,0.823,0.926,1.427,
Medium,Male,1.5,1.5,1.000,1.000,1.000,1.000,1.000
Medium,Male,1.5,2,1.115,1.040,1.194,1.368,1.196
Medium,Male,1.5,2.5,1.209,1.089,1.343,1.542,1.316
Medium,Male,1.5,3,1.283,1.144,1.440,1.662,1.425
Medium,Male,1.5,3.5,1.337,1.191,1.502,1.745,1.510
Medium,Male,1.5,4,1.376,1.220,1.551,1.802,1.560
Medium,Male,1.5,4.5,1.403,1.232,1.598,1.842,1.580
Medium,Male,1.5,5,1.423,1.237,1.638,1.871,1.587
Medium,Male,1.5,5.5,1.437,1.239,1.666,1.890,1.591
Medium,Male,1.5,6,1.444,1.241,1.680,1.900,1.594
Medium,Male,2,0.5,0.668,0.580,0.770,1.974,
Medium,Male,2,1,0.784,0.693,0.886,1.651,
Medium,Male,2,1.5,0.897,0.837,0.961,1.368,
Medium,Male,2,2,1.000,1.000,1.000,1.000,1.000
Medium,Male,2,2.5,1.085,1.045,1.126,1.306,1.210
Medium,Male,2,3,1.151,1.089,1.217,1.439,1.315
Medium,Male,2,3.5,1.200,1.115,1.291,1.525,1.369
Medium,Male,2,4,1.234,1.119,1.362,1.583,1.376
Medium,Male,2,4.5,1.259,1.112,1.426,1.624,1.362
Medium,Male,2,5,1.277,1.105,1.476,1.652,1.349
Medium,Male,2,5.5,1.289,1.101,1.509,1.671,1.340
Medium,Male,2,6,1.295,1.099,1.527,1.681,1.335
Medium,Male,2.5,0.5,0.616,0.527,0.720,2.144,
Medium,Male,2.5,1,0.722,0.618,0.844,1.816,
Medium,Male,2.5,1.5,0.827,0.745,0.918,1.542,
Medium,Male,2.5,2,0.922,0.888,0.957,1.306,
Medium,Male,2.5,2.5,1.000,1.000,1.000,1.000,1.000
Medium,Male,2.5,3,1.061,1.035,1.088,1.251,1.180
Medium,Male,2.5,3.5,1.106,1.046,1.169,1.350,1.213
Medium,Male,2.5,4,1.138,1.039,1.245,1.413,1.193
Medium,Male,2.5,4.5,1.160,1.027,1.312,1.455,1.155
Medium,Male,2.5,5,1.177,1.017,1.362,1.485,1.122
Medium,Male,2.5,5.5,1.188,1.011,1.395,1.505,1.097
Medium,Male,2.5,6,1.194,1.008,1.414,1.515,1.080
Medium,Male,3,0.5,0.580,0.496,0.679,2.271,
Medium,Male,3,1,0.681,0.579,0.800,1.936,
Medium,Male,3,1.5,0.779,0.695,0.874,1.662,
Medium,Male,3,2,0.869,0.822,0.918,1.439,
Medium,Male,3,2.5,0.943,0.919,0.967,1.251,
Medium,Male,3,3,1.000,1.000,1.000,1.000,1.000
Medium,Male,3,3.5,1.042,1.008,1.077,1.202,1.081
Medium,Male,3,4,1.072,0.999,1.151,1.277,1.000
Medium,Male,3,4.5,1.094,0.985,1.214,1.325,1.000
Medium,Male,3,5,1.109,0.976,1.261,1.358,1.000
Medium,Male,3,5.5,1.120,0.969,1.294,1.378,1.000
Medium,Male,3,6,1.125,0.965,1.312,1.389,1.000
Medium,Male,3.5,0.5,0.557,0.480,0.647,2.362,
Medium,Male,3.5,1,0.653,0.559,0.763,2.021,
Medium,Male,3.5,1.5,0.748,0.666,0.840,1.745,
Medium,Male,3.5,2,0.833,0.775,0.897,1.525,
Medium,Male,3.5,2.5,0.904,0.856,0.956,1.350,
Medium,Male,3.5,3,0.959,0.928,0.992,1.202,
Medium,Male,3.5,3.5,1.000,1.000,1.000,1.000,1.000
Medium,Male,3.5,4,1.029,0.990,1.069,1.162,1.000
Medium,Male,3.5,4.5,1.049,0.976,1.128,1.221,1.000
Medium,Male,3.5,5,1.064,0.966,1.172,1.259,1.000
Medium,Male,3.5,5.5,1.074,0.959,1.203,1.282,1.000
Medium,Male,3.5,6,1.079,0.954,1.221,1.294,1.000
Medium,Male,4,0.5,0.541,0.468,0.626,2.425,
Medium,Male,4,1,0.635,0.548,0.736,2.080,
Medium,Male,4,1.5,0.727,0.645,0.819,1.802,
Medium,Male,4,2,0.810,0.734,0.894,1.583,
Medium,Male,4,2.5,0.879,0.803,0.962,1.413,
Medium,Male,4,3,0.933,0.869,1.001,1.277,
Medium,Male,4,3.5,0.972,0.936,1.010,1.162,
Medium,Male,4,4,1.000,1.000,1.000,1.000,1.000
Medium,Male,4,4.5,1.020,0.986,1.055,1.132,1.000
Medium,Male,4,5,1.035,0.975,1.097,1.180,1.000
Medium,Male,4,5.5,1.044,0.968,1.127,1.208,1.000
Medium,Male,4,6,1.049,0.962,1.145,1.221,1.000
Medium,Male,4.5,0.5,0.531,0.458,0.615,2.470,
Medium,Male,4.5,1,0.622,0.538,0.720,2.122,
Medium,Male,4.5,1.5,0.713,0.626,0.811,1.842,
Medium,Male,4.5,2,0.794,0.701,0.900,1.624,
Medium,Male,4.5,2.5,0.862,0.762,0.974,1.455,
Medium,Male,4.5,3,0.914,0.824,1.015,1.325,
Medium,Male,4.5,3.5,0.953,0.887,1.024,1.221,
Medium,Male,4.5,4,0.980,0.948,1.014,1.132,
Medium,Male,4.5,4.5,1.000,1.000,1.000,1.000,1.000
Medium,Male,4.5,5,1.014,0.989,1.040,1.110,1.000
Medium,Male,4.5,5.5,1.024,0.981,1.069,1.146,1.000
Medium,Male,4.5,6,1.029,0.973,1.088,1.162,1.000
Medium,Male,5,0.5,0.523,0.449,0.610,2.502,
Medium,Male,5,1,0.614,0.530,0.711,2.152,
Medium,Male,5,1.5,0.703,0.610,0.809,1.871,
Medium,Male,5,2,0.783,0.678,0.905,1.652,
Medium,Male,5,2.5,0.850,0.734,0.983,1.485,
Medium,Male,5,3,0.901,0.793,1.025,1.358,
Medium,Male,5,3.5,0.940,0.853,1.035,1.259,
Medium,Male,5,4,0.966,0.911,1.025,1.180,
Medium,Male,5,4.5,0.986,0.961,1.011,1.110,
Medium,Male,5,5,1.000,1.000,1.000,1.000,1.000
Medium,Male,5,5.5,1.009,0.991,1.028,1.087,1.000
Medium,Male,5,6,1.014,0.982,1.047,1.109,1.000
Medium,Male,5.5,0.5,0.518,0.443,0.606,2.523,
Medium,Male,5.5,1,0.608,0.524,0.705,2.172,
Medium,Male,5.5,1.5,0.696,0.600,0.807,1.890,
Medium,Male,5.5,2,0.776,0.663,0.908,1.671,
Medium,Male,5.5,2.5,0.842,0.717,0.989,1.505,
Medium,Male,5.5,3,0.893,0.773,1.032,1.378,
Medium,Male,5.5,3.5,0.931,0.831,1.042,1.282,
Medium,Male,5.5,4,0.958,0.887,1.033,1.208,
Medium,Male,5.5,4.5,0.977,0.936,1.020,1.146,
Medium,Male,5.5,5,0.991,0.973,1.009,1.087,
Medium,Male,5.5,5.5,1.000,1.000,1.000,1.000,1.000
Medium,Male,5.5,6,1.005,0.990,1.020,1.062,1.000
Medium,Male,6,0.5,0.516,0.440,0.605,2.534,
Medium,Male,6,1,0.605,0.521,0.702,2.182,
Medium,Male,6,1.5,0.693,0.595,0.806,1.900,
Medium,Male,6,2,0.772,0.655,0.910,1.681,
Medium,Male,6,2.5,0.838,0.707,0.992,1.515,
Medium,Male,6,3,0.889,0.762,1.036,1.389,
Medium,Male,6,3.5,0.926,0.819,1.048,1.294,
Medium,Male,6,4,0.953,0.873,1.040,1.221,
Medium,Male,6,4.5,0.972,0.919,1.028,1.162,
Medium,Male,6,5,0.986,0.955,1.018,1.109,
Medium,Male,6,5.5,0.995,0.980,1.010,1.062,
Medium,Male,6,6,1.000,1.000,1.000,1.000,1.000
Standard,Female,0.5,0.5,1.000,1.000,1.000,1.000,1.000
Standard,Female,0.5,1,1.062,0.975,1.156,1.253,1.000
Standard,Female,0.5,1.5,1.141,1.035,1.258,1.420,1.181
Standard,Female,0.5,2,1.214,1.090,1.351,1.549,1.318
Standard,Female,0.5,2.5,1.263,1.125,1.418,1.630,1.388
Standard,Female,0.5,3,1.290,1.149,1.447,1.672,1.435
Standard,Female,0.5,3.5,1.299,1.162,1.452,1.687,1.459
Standard,Female,0.5,4,1.298,1.161,1.451,1.685,1.457
Standard,Female,0.5,4.5,1.293,1.151,1.452,1.677,1.438
Standard,Female,0.5,5,1.287,1.138,1.455,1.667,1.414
Standard,Female,0.5,5.5,1.280,1.128,1.454,1.657,1.394
Standard,Female,0.5,6,1.274,1.120,1.449,1.647,1.378
Standard,Female,1,0.5,0.942,0.865,1.025,1.253,
Standard,Female,1,1,1.000,1.000,1.000,1.000,1.000
Standard,Female,1,1.5,1.075,1.029,1.122,1.283,1.163
Standard,Female,1,2,1.143,1.046,1.250,1.424,1.212
Standard,Female,1,2.5,1.189,1.064,1.329,1.507,1.258
Standard,Female,1,3,1.214,1.083,1.362,1.550,1.302
Standard,Female,1,3.5,1.224,1.097,1.365,1.565,1.332
Standard,Female,1,4,1.222,1.100,1.358,1.564,1.339
Standard,Female,1,4.5,1.217,1.094,1.355,1.555,1.326
Standard,Female,1,5,1.212,1.085,1.354,1.546,1.306
Standard,Female,1,5.5,1.206,1.076,1.351,1.536,1.287
Standard,Female,1,6,1.200,1.070,1.346,1.525,1.272
Standard,Female,1.5,0.5,0.876,0.795,0.966,1.420,
Standard,Female,1.5,1,0.931,0.891,0.972,1.283,
Standard,Female,1.5,1.5,1.000,1.000,1.000,1.000,1.000
Standard,Female,1.5,2,1.064,1.012,1.118,1.258,1.101
Standard,Female,1.5,2.5,1.107,1.028,1.192,1.352,1.159
Standard,Female,1.5,3,1.130,1.042,1.226,1.399,1.202
Standard,Female,1.5,3.5,1.139,1.048,1.237,1.415,1.218
Standard,Female,1.5,4,1.138,1.040,1.244,1.413,1.196
Standard,Female,1.5,4.5,1.133,1.024,1.253,1.404,1.147
Standard,Female,1.5,5,1.128,1.009,1.260,1.394,1.085
Standard,Female,1.5,5.5,1.122,0.997,1.263,1.383,1.000
Standard,Female,1.5,6,1.116,0.989,1.260,1.372,1.000
Standard,Female,2,0.5,0.824,0.740,0.917,1.549,
Standard,Female,2,1,0.875,0.800,0.956,1.424,
Standard,Female,2,1.5,0.940,0.894,0.988,1.258,
Standard,Female,2,2,1.000,1.000,1.000,1.000,1.000
Standard,Female,2,2.5,1.040,1.013,1.068,1.197,1.105
Standard,Female,2,3,1.062,1.020,1.106,1.254,1.132
Standard,Female,2,3.5,1.070,1.011,1.133,1.273,1.094
Standard,Female,2,4,1.069,0.987,1.158,1.271,1.000
Standard,Female,2,4.5,1.065,0.961,1.180,1.260,1.000
Standard,Female,2,5,1.060,0.941,1.194,1.248,1.000
Standard,Female,2,5.5,1.055,0.927,1.200,1.235,1.000
Standard,Female,2,6,1.049,0.917,1.201,1.221,1.000
Standard,Female,2.5,0.5,0.792,0.705,0.889,1.630,
Standard,Female,2.5,1,0.841,0.752,0.940,1.507,
Standard,Female,2.5,1.5,0.904,0.839,0.973,1.352,
Standard,Female,2.5,2,0.961,0.936,0.987,1.197,
Standard,Female,2.5,2.5,1.000,1.000,1.000,1.000,1.000
Standard,Female,2.5,3,1.021,1.001,1.042,1.136,1.023
Standard,Female,2.5,3.5,1.029,0.983,1.077,1.162,1.000
Standard,Female,2.5,4,1.028,0.954,1.108,1.159,1.000
Standard,Female,2.5,4.5,1.024,0.926,1.132,1.145,1.000
Standard,Female,2.5,5,1.019,0.905,1.148,1.128,1.000
Standard,Female,2.5,5.5,1.014,0.890,1.156,1.108,1.000
Standard,Female,2.5,6,1.009,0.880,1.157,1.084,1.000
Standard,Female,3,0.5,0.775,0.691,0.870,1.672,
Standard,Female,3,1,0.823,0.734,0.923,1.550,
Standard,Female,3,1.5,0.885,0.816,0.959,1.399,
Standard,Female,3,2,0.941,0.904,0.980,1.254,
Standard,Female,3,2.5,0.979,0.960,0.999,1.136,
Standard,Female,3,3,1.000,1.000,1.000,1.000,1.000
Standard,Female,3,3.5,1.007,0.980,1.035,1.077,1.000
Standard,Female,3,4,1.007,0.950,1.067,1.072,1.000
Standard,Female,3,4.5,1.002,0.921,1.091,1.043,1.000
Standard,Female,3,5,0.998,0.899,1.107,1.041,
Standard,Female,3,5.5,0.993,0.884,1.115,1.075,
Standard,Female,3,6,0.988,0.873,1.118,1.101,
Standard,Female,3.5,0.5,0.770,0.689,0.860,1.687,
Standard,Female,3.5,1,0.817,0.733,0.912,1.565,
Standard,Female,3.5,1.5,0.878,0.808,0.954,1.415,
Standard,Female,3.5,2,0.934,0.882,0.989,1.273,
Standard,Female,3.5,2.5,0.972,0.929,1.018,1.162,
Standard,Female,3.5,3,0.993,0.966,1.020,1.077,
Standard,Female,3.5,3.5,1.000,1.000,1.000,1.000,1.000
Standard,Female,3.5,4,0.999,0.969,1.030,1.025,
Standard,Female,3.5,4.5,0.995,0.939,1.054,1.063,
Standard,Female,3.5,5,0.990,0.917,1.070,1.089,
Standard,Female,3.5,5.5,0.986,0.900,1.079,1.111,
Standard,Female,3.5,6,0.981,0.889,1.082,1.132,
Standard,Female,4,0.5,0.770,0.689,0.861,1.685,
Standard,Female,4,1,0.818,0.736,0.909,1.564,
Standard,Female,4,1.5,0.879,0.804,0.961,1.413,
Standard,Female,4,2,0.935,0.863,1.013,1.271,
Standard,Female,4,2.5,0.973,0.903,1.048,1.159,
Standard,Female,4,3,0.993,0.938,1.053,1.072,
Standard,Female,4,3.5,1.001,0.970,1.032,1.025,1.000
Standard,Female,4,4,1.000,1.000,1.000,1.000,1.000
Standard,Female,4,4.5,0.996,0.969,1.023,1.057,
Standard,Female,4,5,0.991,0.946,1.039,1.084,
Standard,Female,4,5.5,0.986,0.928,1.048,1.107,
Standard,Female,4,6,0.981,0.915,1.052,1.128,
Standard,Female,4.5,0.5,0.774,0.689,0.869,1.677,
Standard,Female,4.5,1,0.821,0.738,0.914,1.555,
Standard,Female,4.5,1.5,0.883,0.798,0.976,1.404,
Standard,Female,4.5,2,0.939,0.848,1.040,1.260,
Standard,Female,4.5,2.5,0.977,0.883,1.080,1.145,
Standard,Female,4.5,3,0.998,0.917,1.086,1.043,
Standard,Female,4.5,3.5,1.005,0.948,1.065,1.063,1.000
Standard,Female,4.5,4,1.004,0.977,1.032,1.057,1.000
Standard,Female,4.5,4.5,1.000,1.000,1.000,1.000,1.000
Standard,Female,4.5,5,0.995,0.976,1.016,1.060,
Standard,Female,4.5,5.5,0.991,0.957,1.025,1.088,
Standard,Female,4.5,6,0.985,0.942,1.031,1.112,
Standard,Female,5,0.5,0.777,0.688,0.879,1.667,
Standard,Female,5,1,0.825,0.739,0.922,1.546,
Standard,Female,5,1.5,0.887,0.793,0.991,1.394,
Standard,Female,5,2,0.943,0.838,1.062,1.248,
Standard,Female,5,2.5,0.981,0.871,1.106,1.128,
Standard,Female,5,3,1.002,0.903,1.112,1.041,1.000
Standard,Female,5,3.5,1.010,0.934,1.091,1.089,1.000
Standard,Female,5,4,1.009,0.962,1.057,1.084,1.000
Standard,Female,5,4.5,1.005,0.985,1.025,1.060,1.000
Standard,Female,5,5,1.000,1.000,1.000,1.000,1.000
Standard,Female,5,5.5,0.995,0.980,1.010,1.062,
Standard,Female,5,6,0.990,0.964,1.017,1.091,
Standard,Female,5.5,0.5,0.781,0.688,0.887,1.657,
Standard,Female,5.5,1,0.829,0.740,0.929,1.536,
Standard,Female,5.5,1.5,0.891,0.792,1.003,1.383,
Standard,Female,5.5,2,0.948,0.833,1.079,1.235,
Standard,Female,5.5,2.5,0.986,0.865,1.124,1.108,
Standard,Female,5.5,3,1.007,0.897,1.131,1.075,1.000
Standard,Female,5.5,3.5,1.015,0.927,1.111,1.111,1.000
Standard,Female,5.5,4,1.014,0.954,1.077,1.107,1.000
Standard,Female,5.5,4.5,1.010,0.975,1.045,1.088,1.000
Standard,Female,5.5,5,1.005,0.990,1.020,1.062,1.000
Standard,Female,5.5,5.5,1.000,1.000,1.000,1.000,1.000
Standard,Female,5.5,6,0.995,0.982,1.008,1.063,
Standard,Female,6,0.5,0.785,0.690,0.893,1.647,
Standard,Female,6,1,0.834,0.743,0.935,1.525,
Standard,Female,6,1.5,0.896,0.793,1.011,1.372,
Standard,Female,6,2,0.953,0.833,1.090,1.221,
Standard,Female,6,2.5,0.991,0.864,1.137,1.084,
Standard,Female,6,3,1.012,0.895,1.145,1.101,1.000
Standard,Female,6,3.5,1.020,0.924,1.125,1.132,1.000
Standard,Female,6,4,1.019,0.950,1.093,1.128,1.000
Standard,Female,6,4.5,1.015,0.970,1.061,1.112,1.000
Standard,Female,6,5,1.010,0.983,1.038,1.091,1.000
Standard,Female,6,5.5,1.005,0.992,1.018,1.063,1.000
Standard,Female,6,6,1.000,1.000,1.000,1.000,1.000
Standard,Male,0.5,0.5,1.000,1.000,1.000,1.000,1.000
Standard,Male,0.5,1,1.009,0.929,1.097,1.088,1.000
Standard,Male,0.5,1.5,1.122,1.019,1.234,1.383,1.130
Standard,Male,0.5,2,1.269,1.144,1.408,1.639,1.424
Standard,Male,0.5,2.5,1.391,1.244,1.555,1.824,1.598
Standard,Male,0.5,3,1.480,1.325,1.654,1.951,1.726
Standard,Male,0.5,3.5,1.540,1.383,1.715,2.033,1.813
Standard,Male,0.5,4,1.577,1.415,1.756,2.082,1.860
Standard,Male,0.5,4.5,1.598,1.426,1.790,2.110,1.876
Standard,Male,0.5,5,1.610,1.428,1.815,2.126,1.878
Standard,Male,0.5,5.5,1.613,1.425,1.826,2.130,1.873
Standard,Male,0.5,6,1.609,1.418,1.825,2.124,1.864
Standard,Male,1,0.5,0.991,0.911,1.077,1.088,
Standard,Male,1,1,1.000,1.000,1.000,1.000,1.000
Standard,Male,1,1.5,1.111,1.066,1.158,1.362,1.263
Standard,Male,1,2,1.257,1.154,1.369,1.620,1.445
Standard,Male,1,2.5,1.378,1.239,1.532,1.805,1.591
Standard,Male,1,3,1.467,1.315,1.635,1.932,1.712
Standard,Male,1,3.5,1.526,1.375,1.693,2.014,1.802
Standard,Male,1,4,1.562,1.413,1.727,2.062,1.856
Standard,Male,1,4.5,1.583,1.429,1.753,2.090,1.880
Standard,Male,1,5,1.595,1.434,1.773,2.106,1.886
Standard,Male,1,5.5,1.598,1.433,1.782,2.110,1.884
Standard,Male,1,6,1.594,1.427,1.779,2.104,1.877
Standard,Male,1.5,0.5,0.891,0.810,0.981,1.383,
Standard,Male,1.5,1,0.900,0.863,0.938,1.362,
Standard,Male,1.5,1.5,1.000,1.000,1.000,1.000,1.000
Standard,Male,1.5,2,1.131,1.079,1.186,1.401,1.292
Standard,Male,1.5,2.5,1.240,1.155,1.331,1.592,1.446
Standard,Male,1.5,3,1.320,1.222,1.426,1.718,1.562
Standard,Male,1.5,3.5,1.373,1.269,1.486,1.798,1.639
Standard,Male,1.5,4,1.405,1.290,1.531,1.846,1.672
Standard,Male,1.5,4.5,1.424,1.293,1.570,1.873,1.677
Standard,Male,1.5,5,1.435,1.289,1.597,1.888,1.671
Standard,Male,1.5,5.5,1.438,1.283,1.611,1.892,1.662
Standard,Male,1.5,6,1.434,1.276,1.612,1.886,1.650
Standard,Male,2,0.5,0.788,0.710,0.874,1.639,
Standard,Male,2,1,0.796,0.731,0.866,1.620,
Standard,Male,2,1.5,0.884,0.843,0.927,1.401,
Standard,Male,2,2,1.000,1.000,1.000,1.000,1.000
Standard,Male,2,2.5,1.096,1.069,1.124,1.330,1.270
Standard,Male,2,3,1.167,1.122,1.213,1.467,1.383
Standard,Male,2,3.5,1.214,1.149,1.283,1.549,1.434
Standard,Male,2,4,1.243,1.150,1.343,1.597,1.436
Standard,Male,2,4.5,1.259,1.141,1.390,1.624,1.419
Standard,Male,2,5,1.269,1.131,1.423,1.639,1.400
Standard,Male,2,5.5,1.271,1.122,1.440,1.643,1.383
Standard,Male,2,6,1.268,1.113,1.444,1.637,1.366
Standard,Male,2.5,0.5,0.719,0.643,0.804,1.824,
Standard,Male,2.5,1,0.726,0.653,0.807,1.805,
Standard,Male,2.5,1.5,0.807,0.752,0.866,1.592,
Standard,Male,2.5,2,0.912,0.890,0.936,1.330,
Standard,Male,2.5,2.5,1.000,1.000,1.000,1.000,1.000
Standard,Male,2.5,3,1.064,1.044,1.085,1.259,1.207
Standard,Male,2.5,3.5,1.107,1.059,1.158,1.354,1.247
Standard,Male,2.5,4,1.134,1.054,1.219,1.405,1.234
Standard,Male,2.5,4.5,1.149,1.042,1.266,1.434,1.202
Standard,Male,2.5,5,1.157,1.032,1.299,1.450,1.171
Standard,Male,2.5,5.5,1.160,1.022,1.316,1.454,1.140
Standard,Male,2.5,6,1.157,1.013,1.320,1.449,1.106
Standard,Male,3,0.5,0.675,0.604,0.755,1.951,
Standard,Male,3,1,0.682,0.612,0.760,1.932,
Standard,Male,3,1.5,0.758,0.701,0.819,1.718,
Standard,Male,3,2,0.857,0.825,0.891,1.467,
Standard,Male,3,2.5,0.939,0.921,0.958,1.259,
Standard,Male,3,3,1.000,1.000,1.000,1.000,1.000
Standard,Male,3,3.5,1.040,1.013,1.068,1.197,1.105
Standard,Male,3,4,1.065,1.007,1.126,1.260,1.074
Standard,Male,3,4.5,1.079,0.994,1.172,1.294,1.000
Standard,Male,3,5,1.087,0.984,1.202,1.311,1.000
Standard,Male,3,5.5,1.090,0.974,1.219,1.316,1.000
Standard,Male,3,6,1.087,0.965,1.224,1.310,1.000
Standard,Male,3.5,0.5,0.649,0.583,0.723,2.033,
Standard,Male,3.5,1,0.655,0.591,0.727,2.014,
Standard,Male,3.5,1.5,0.728,0.673,0.788,1.798,
Standard,Male,3.5,2,0.824,0.780,0.871,1.549,
Standard,Male,3.5,2.5,0.903,0.864,0.944,1.354,
Standard,Male,3.5,3,0.961,0.936,0.987,1.197,
Standard,Male,3.5,3.5,1.000,1.000,1.000,1.000,1.000
Standard,Male,3.5,4,1.024,0.993,1.055,1.145,1.000
Standard,Male,3.5,4.5,1.037,0.981,1.097,1.189,1.000
Standard,Male,3.5,5,1.045,0.970,1.126,1.210,1.000
Standard,Male,3.5,5.5,1.047,0.960,1.143,1.216,1.000
Standard,Male,3.5,6,1.044,0.950,1.148,1.208,1.000
Standard,Male,4,0.5,0.634,0.569,0.707,2.082,
Standard,Male,4,1,0.640,0.579,0.708,2.062,
Standard,Male,4,1.5,0.712,0.653,0.775,1.846,
Standard,Male,4,2,0.805,0.745,0.870,1.597,
Standard,Male,4,2.5,0.882,0.820,0.948,1.405,
Standard,Male,4,3,0.939,0.888,0.993,1.260,
Standard,Male,4,3.5,0.977,0.948,1.007,1.145,
Standard,Male,4,4,1.000,1.000,1.000,1.000,1.000
Standard,Male,4,4.5,1.014,0.987,1.040,1.107,1.000
Standard,Male,4,5,1.021,0.976,1.068,1.136,1.000
Standard,Male,4,5.5,1.023,0.965,1.085,1.143,1.000
Standard,Male,4,6,1.020,0.954,1.091,1.133,1.000
Standard,Male,4.5,0.5,0.626,0.559,0.701,2.110,
Standard,Male,4.5,1,0.632,0.570,0.700,2.090,
Standard,Male,4.5,1.5,0.702,0.637,0.774,1.873,
Standard,Male,4.5,2,0.794,0.719,0.877,1.624,
Standard,Male,4.5,2.5,0.870,0.790,0.959,1.434,
Standard,Male,4.5,3,0.926,0.854,1.006,1.294,
Standard,Male,4.5,3.5,0.964,0.911,1.019,1.189,
Standard,Male,4.5,4,0.987,0.961,1.013,1.107,
Standard,Male,4.5,4.5,1.000,1.000,1.000,1.000,1.000
Standard,Male,4.5,5,1.007,0.988,1.027,1.077,1.000
Standard,Male,4.5,5.5,1.009,0.977,1.043,1.087,1.000
Standard,Male,4.5,6,1.007,0.964,1.051,1.073,1.000
Standard,Male,5,0.5,0.621,0.551,0.700,2.126,
Standard,Male,5,1,0.627,0.564,0.697,2.106,
Standard,Male,5,1.5,0.697,0.626,0.776,1.888,
Standard,Male,5,2,0.788,0.703,0.884,1.639,
Standard,Male,5,2.5,0.864,0.770,0.969,1.450,
Standard,Male,5,3,0.920,0.832,1.017,1.311,
Standard,Male,5,3.5,0.957,0.888,1.031,1.210,
Standard,Male,5,4,0.979,0.936,1.025,1.136,
Standard,Male,5,4.5,0.993,0.974,1.012,1.077,
Standard,Male,5,5,1.000,1.000,1.000,1.000,1.000
Standard,Male,5,5.5,1.002,0.988,1.016,1.039,1.000
Standard,Male,5,6,0.999,0.974,1.026,1.022,
Standard,Male,5.5,0.5,0.620,0.548,0.702,2.130,
Standard,Male,5.5,1,0.626,0.561,0.698,2.110,
Standard,Male,5.5,1.5,0.695,0.621,0.779,1.892,
Standard,Male,5.5,2,0.787,0.694,0.891,1.643,
Standard,Male,5.5,2.5,0.862,0.760,0.978,1.454,
Standard,Male,5.5,3,0.918,0.820,1.027,1.316,
Standard,Male,5.5,3.5,0.955,0.875,1.042,1.216,
Standard,Male,5.5,4,0.977,0.922,1.036,1.143,
Standard,Male,5.5,4.5,0.991,0.958,1.024,1.087,
Standard,Male,5.5,5,0.998,0.984,1.012,1.039,
Standard,Male,5.5,5.5,1.000,1.000,1.000,1.000,1.000
Standard,Male,5.5,6,0.997,0.985,1.010,1.045,
Standard,Male,6,0.5,0.622,0.548,0.705,2.124,
Standard,Male,6,1,0.628,0.562,0.701,2.104,
Standard,Male,6,1.5,0.697,0.620,0.784,1.886,
Standard,Male,6,2,0.789,0.693,0.898,1.637,
Standard,Male,6,2.5,0.865,0.757,0.987,1.449,
Standard,Male,6,3,0.920,0.817,1.037,1.310,
Standard,Male,6,3.5,0.957,0.871,1.053,1.208,
Standard,Male,6,4,0.980,0.916,1.048,1.133,
Standard,Male,6,4.5,0.993,0.951,1.037,1.073,
Standard,Male,6,5,1.001,0.975,1.027,1.022,1.000
Standard,Male,6,5.5,1.003,0.990,1.015,1.045,1.000
Standard,Male,6,6,1.000,1.000,1.000,1.000,1.000
Large,Female,0.5,0.5,1.000,1.000,1.000,1.000,1.000
Large,Female,0.5,1,0.750,0.690,0.815,1.739,
Large,Female,0.5,1.5,0.788,0.716,0.867,1.639,
Large,Female,0.5,2,0.911,0.819,1.012,1.334,
Large,Female,0.5,2.5,0.993,0.886,1.114,1.074,
Large,Female,0.5,3,1.027,0.916,1.151,1.156,1.000
Large,Female,0.5,3.5,1.024,0.917,1.144,1.146,1.000
Large,Female,0.5,4,1.002,0.898,1.118,1.039,1.000
Large,Female,0.5,4.5,0.979,0.873,1.097,1.138,
Large,Female,0.5,5,0.963,0.855,1.085,1.191,
Large,Female,0.5,5.5,0.954,0.843,1.079,1.218,
Large,Female,0.5,6,0.951,0.839,1.078,1.227,
Large,Female,1,0.5,1.333,1.226,1.449,1.739,1.570
Large,Female,1,1,1.000,1.000,1.000,1.000,1.000
Large,Female,1,1.5,1.050,1.007,1.096,1.224,1.073
Large,Female,1,2,1.214,1.112,1.325,1.549,1.364
Large,Female,1,2.5,1.324,1.187,1.477,1.725,1.503
Large,Female,1,3,1.369,1.223,1.532,1.792,1.565
Large,Female,1,3.5,1.365,1.226,1.520,1.786,1.569
Large,Female,1,4,1.336,1.205,1.481,1.743,1.533
Large,Female,1,4.5,1.305,1.176,1.448,1.695,1.483
Large,Female,1,5,1.284,1.153,1.429,1.663,1.442
Large,Female,1,5.5,1.272,1.140,1.419,1.644,1.417
Large,Female,1,6,1.268,1.135,1.416,1.638,1.409
Large,Female,1.5,0.5,1.269,1.153,1.397,1.639,1.442
Large,Female,1.5,1,0.952,0.912,0.993,1.224,
Large,Female,1.5,1.5,1.000,1.000,1.000,1.000,1.000
Large,Female,1.5,2,1.156,1.101,1.213,1.447,1.340
Large,Female,1.5,2.5,1.260,1.172,1.355,1.626,1.477
Large,Female,1.5,3,1.303,1.204,1.411,1.693,1.532
Large,Female,1.5,3.5,1.299,1.198,1.409,1.687,1.523
Large,Female,1.5,4,1.272,1.166,1.387,1.643,1.466
Large,Female,1.5,4.5,1.242,1.128,1.368,1.596,1.394
Large,Female,1.5,5,1.222,1.099,1.359,1.563,1.336
Large,Female,1.5,5.5,1.211,1.082,1.355,1.544,1.299
Large,Female,1.5,6,1.207,1.075,1.355,1.537,1.284
Large,Female,2,0.5,1.098,0.988,1.221,1.334,1.000
Large,Female,2,1,0.824,0.755,0.899,1.549,
Large,Female,2,1.5,0.865,0.824,0.908,1.447,
Large,Female,2,2,1.000,1.000,1.000,1.000,1.000
Large,Female,2,2.5,1.091,1.063,1.119,1.319,1.255
Large,Female,2,3,1.128,1.084,1.173,1.394,1.304
Large,Female,2,3.5,1.124,1.064,1.188,1.388,1.259
Large,Female,2,4,1.100,1.020,1.187,1.339,1.131
Large,Female,2,4.5,1.075,0.975,1.185,1.284,1.000
Large,Female,2,5,1.058,0.945,1.184,1.242,1.000
Large,Female,2,5.5,1.048,0.927,1.185,1.217,1.000
Large,Female,2,6,1.044,0.919,1.187,1.208,1.000
Large,Female,2.5,0.5,1.007,0.898,1.129,1.074,1.000
Large,Female,2.5,1,0.755,0.677,0.843,1.725,
Large,Female,2.5,1.5,0.793,0.738,0.853,1.626,
Large,Female,2.5,2,0.917,0.893,0.941,1.319,
Large,Female,2.5,2.5,1.000,1.000,1.000,1.000,1.000
Large,Female,2.5,3,1.034,1.014,1.054,1.178,1.109
Large,Female,2.5,3.5,1.031,0.987,1.077,1.169,1.000
Large,Female,2.5,4,1.009,0.940,1.083,1.085,1.000
Large,Female,2.5,4.5,0.985,0.896,1.084,1.112,
Large,Female,2.5,5,0.970,0.866,1.086,1.170,
Large,Female,2.5,5.5,0.961,0.848,1.088,1.199,
Large,Female,2.5,6,0.958,0.840,1.091,1.208,
Large,Female,3,0.5,0.974,0.868,1.092,1.156,
Large,Female,3,1,0.731,0.653,0.818,1.792,
Large,Female,3,1.5,0.767,0.709,0.831,1.693,
Large,Female,3,2,0.887,0.852,0.922,1.394,
Large,Female,3,2.5,0.967,0.949,0.986,1.178,
Large,Female,3,3,1.000,1.000,1.000,1.000,1.000
Large,Female,3,3.5,0.997,0.972,1.023,1.046,
Large,Female,3,4,0.976,0.923,1.031,1.149,
Large,Female,3,4.5,0.953,0.879,1.033,1.221,
Large,Female,3,5,0.938,0.849,1.035,1.264,
Large,Female,3,5.5,0.929,0.831,1.038,1.287,
Large,Female,3,6,0.926,0.823,1.042,1.294,
Large,Female,3.5,0.5,0.977,0.874,1.091,1.146,
Large,Female,3.5,1,0.733,0.658,0.816,1.786,
Large,Female,3.5,1.5,0.770,0.710,0.835,1.687,
Large,Female,3.5,2,0.889,0.842,0.939,1.388,
Large,Female,3.5,2.5,0.970,0.929,1.013,1.169,
Large,Female,3.5,3,1.003,0.977,1.029,1.046,1.000
Large,Female,3.5,3.5,1.000,1.000,1.000,1.000,1.000
Large,Female,3.5,4,0.979,0.950,1.008,1.139,
Large,Female,3.5,4.5,0.956,0.904,1.010,1.213,
Large,Female,3.5,5,0.940,0.873,1.013,1.256,
Large,Female,3.5,5.5,0.932,0.855,1.016,1.280,
Large,Female,3.5,6,0.929,0.845,1.021,1.288,
Large,Female,4,0.5,0.998,0.894,1.114,1.039,
Large,Female,4,1,0.749,0.675,0.830,1.743,
Large,Female,4,1.5,0.786,0.721,0.858,1.643,
Large,Female,4,2,0.909,0.842,0.981,1.339,
Large,Female,4,2.5,0.991,0.923,1.064,1.085,
Large,Female,4,3,1.025,0.970,1.083,1.149,1.000
Large,Female,4,3.5,1.022,0.992,1.053,1.139,1.000
Large,Female,4,4,1.000,1.000,1.000,1.000,1.000
Large,Female,4,4.5,0.977,0.952,1.003,1.145,
Large,Female,4,5,0.961,0.919,1.005,1.197,
Large,Female,4,5.5,0.952,0.899,1.009,1.224,
Large,Female,4,6,0.949,0.888,1.015,1.232,
Large,Female,4.5,0.5,1.022,0.912,1.145,1.138,1.000
Large,Female,4.5,1,0.766,0.691,0.850,1.695,
Large,Female,4.5,1.5,0.805,0.731,0.887,1.596,
Large,Female,4.5,2,0.930,0.844,1.025,1.284,
Large,Female,4.5,2.5,1.015,0.922,1.117,1.112,1.000
Large,Female,4.5,3,1.049,0.968,1.137,1.221,1.000
Large,Female,4.5,3.5,1.046,0.990,1.106,1.213,1.000
Large,Female,4.5,4,1.024,0.997,1.051,1.145,1.000
Large,Female,4.5,4.5,1.000,1.000,1.000,1.000,1.000
Large,Female,4.5,5,0.984,0.965,1.003,1.118,
Large,Female,4.5,5.5,0.975,0.943,1.007,1.153,
Large,Female,4.5,6,0.972,0.931,1.014,1.163,
Large,Female,5,0.5,1.038,0.921,1.170,1.191,1.000
Large,Female,5,1,0.779,0.700,0.867,1.663,
Large,Female,5,1.5,0.818,0.736,0.910,1.563,
Large,Female,5,2,0.946,0.845,1.059,1.242,
Large,Female,5,2.5,1.031,0.921,1.155,1.170,1.000
Large,Female,5,3,1.066,0.966,1.177,1.264,1.000
Large,Female,5,3.5,1.063,0.987,1.145,1.256,1.000
Large,Female,5,4,1.040,0.995,1.088,1.197,1.000
Large,Female,5,4.5,1.016,0.997,1.036,1.118,1.000
Large,Female,5,5,1.000,1.000,1.000,1.000,1.000
Large,Female,5,5.5,0.991,0.977,1.005,1.087,
Large,Female,5,6,0.988,0.963,1.013,1.102,
Large,Female,5.5,0.5,1.048,0.926,1.186,1.218,1.000
Large,Female,5.5,1,0.786,0.705,0.877,1.644,
Large,Female,5.5,1.5,0.826,0.738,0.924,1.544,
Large,Female,5.5,2,0.954,0.844,1.079,1.217,
Large,Female,5.5,2.5,1.041,0.919,1.179,1.199,1.000
Large,Female,5.5,3,1.076,0.963,1.203,1.287,1.000
Large,Female,5.5,3.5,1.073,0.984,1.170,1.280,1.000
Large,Female,5.5,4,1.050,0.991,1.113,1.224,1.000
Large,Female,5.5,4.5,1.026,0.993,1.060,1.153,1.000
Large,Female,5.5,5,1.009,0.995,1.024,1.087,1.000
Large,Female,5.5,5.5,1.000,1.000,1.000,1.000,1.000
Large,Female,5.5,6,0.997,0.985,1.009,1.049,
Large,Female,6,0.5,1.051,0.928,1.192,1.227,1.000
Large,Female,6,1,0.789,0.706,0.881,1.638,
Large,Female,6,1.5,0.829,0.738,0.930,1.537,
Large,Female,6,2,0.957,0.842,1.088,1.208,
Large,Female,6,2.5,1.044,0.916,1.190,1.208,1.000
Large,Female,6,3,1.080,0.960,1.215,1.294,1.000
Large,Female,6,3.5,1.077,0.980,1.183,1.288,1.000
Large,Female,6,4,1.053,0.985,1.126,1.232,1.000
Large,Female,6,4.5,1.029,0.986,1.074,1.163,1.000
Large,Female,6,5,1.013,0.987,1.039,1.102,1.000
Large,Female,6,5.5,1.003,0.991,1.015,1.049,1.000
Large,Female,6,6,1.000,1.000,1.000,1.000,1.000
Large,Male,0.5,0.5,1.000,1.000,1.000,1.000,1.000
Large,Male,0.5,1,0.713,0.659,0.772,1.841,
Large,Male,0.5,1.5,0.775,0.707,0.850,1.674,
Large,Male,0.5,2,0.952,0.860,1.053,1.224,
Large,Male,0.5,2.5,1.094,0.981,1.220,1.325,1.000
Large,Male,0.5,3,1.179,1.057,1.314,1.489,1.242
Large,Male,0.5,3.5,1.214,1.093,1.349,1.549,1.323
Large,Male,0.5,4,1.217,1.096,1.352,1.555,1.329
Large,Male,0.5,4.5,1.210,1.084,1.350,1.543,1.305
Large,Male,0.5,5,1.205,1.074,1.352,1.534,1.281
Large,Male,0.5,5.5,1.202,1.067,1.354,1.529,1.265
Large,Male,0.5,6,1.201,1.064,1.355,1.527,1.259
Large,Male,1,0.5,1.402,1.295,1.518,1.841,1.680
Large,Male,1,1,1.000,1.000,1.000,1.000,1.000
Large,Male,1,1.5,1.086,1.043,1.131,1.309,1.205
Large,Male,1,2,1.335,1.230,1.449,1.741,1.575
Large,Male,1,2.5,1.534,1.385,1.698,2.024,1.816
Large,Male,1,3,1.653,1.488,1.836,2.182,1.963
Large,Male,1,3.5,1.702,1.540,1.881,2.245,2.033
Large,Male,1,4,1.706,1.550,1.879,2.250,2.046
Large,Male,1,4.5,1.696,1.539,1.871,2.238,2.031
Large,Male,1,5,1.689,1.527,1.869,2.228,2.015
Large,Male,1,5.5,1.685,1.519,1.870,2.223,2.005
Large,Male,1,6,1.684,1.517,1.870,2.222,2.001
Large,Male,1.5,0.5,1.291,1.177,1.415,1.674,1.485
Large,Male,1.5,1,0.921,0.884,0.958,1.309,
Large,Male,1.5,1.5,1.000,1.000,1.000,1.000,1.000
Large,Male,1.5,2,1.229,1.174,1.286,1.574,1.480
Large,Male,1.5,2.5,1.412,1.320,1.511,1.855,1.718
Large,Male,1.5,3,1.522,1.413,1.638,2.008,1.857
Large,Male,1.5,3.5,1.567,1.453,1.690,2.069,1.913
Large,Male,1.5,4,1.571,1.448,1.704,2.074,1.906
Large,Male,1.5,4.5,1.562,1.425,1.712,2.062,1.873
Large,Male,1.5,5,1.555,1.405,1.721,2.053,1.845
Large,Male,1.5,5.5,1.551,1.393,1.728,2.048,1.828
Large,Male,1.5,6,1.550,1.388,1.731,2.047,1.820
Large,Male,2,0.5,1.051,0.949,1.163,1.224,1.000
Large,Male,2,1,0.749,0.690,0.813,1.741,
Large,Male,2,1.5,0.814,0.778,0.852,1.574,
Large,Male,2,2,1.000,1.000,1.000,1.000,1.000
Large,Male,2,2.5,1.149,1.122,1.177,1.435,1.383
Large,Male,2,3,1.239,1.194,1.285,1.590,1.514
Large,Male,2,3.5,1.275,1.210,1.344,1.650,1.543
Large,Male,2,4,1.279,1.188,1.376,1.655,1.506
Large,Male,2,4.5,1.271,1.158,1.396,1.643,1.451
Large,Male,2,5,1.266,1.135,1.411,1.634,1.409
Large,Male,2,5.5,1.263,1.122,1.421,1.629,1.383
Large,Male,2,6,1.262,1.116,1.427,1.628,1.371
Large,Male,2.5,0.5,0.914,0.820,1.020,1.325,
Large,Male,2.5,1,0.652,0.589,0.722,2.024,
Large,Male,2.5,1.5,0.708,0.662,0.758,1.855,
Large,Male,2.5,2,0.870,0.850,0.891,1.435,
Large,Male,2.5,2.5,1.000,1.000,1.000,1.000,1.000
Large,Male,2.5,3,1.078,1.058,1.098,1.290,1.244
Large,Male,2.5,3.5,1.110,1.064,1.157,1.359,1.259
Large,Male,2.5,4,1.113,1.039,1.191,1.364,1.193
Large,Male,2.5,4.5,1.106,1.009,1.213,1.351,1.085
Large,Male,2.5,5,1.101,0.988,1.228,1.341,1.000
Large,Male,2.5,5.5,1.099,0.975,1.238,1.336,1.000
Large,Male,2.5,6,1.098,0.969,1.244,1.334,1.000
Large,Male,3,0.5,0.848,0.761,0.946,1.489,
Large,Male,3,1,0.605,0.545,0.672,2.182,
Large,Male,3,1.5,0.657,0.610,0.708,2.008,
Large,Male,3,2,0.807,0.778,0.838,1.590,
Large,Male,3,2.5,0.928,0.911,0.945,1.290,
Large,Male,3,3,1.000,1.000,1.000,1.000,1.000
Large,Male,3,3.5,1.030,1.004,1.056,1.165,1.058
Large,Male,3,4,1.032,0.979,1.089,1.174,1.000
Large,Male,3,4.5,1.026,0.950,1.109,1.154,1.000
Large,Male,3,5,1.022,0.929,1.124,1.139,1.000
Large,Male,3,5.5,1.020,0.917,1.134,1.130,1.000
Large,Male,3,6,1.019,0.910,1.140,1.128,1.000
Large,Male,3.5,0.5,0.824,0.741,0.915,1.549,
Large,Male,3.5,1,0.588,0.532,0.649,2.245,
Large,Male,3.5,1.5,0.638,0.592,0.688,2.069,
Large,Male,3.5,2,0.784,0.744,0.826,1.650,
Large,Male,3.5,2.5,0.901,0.864,0.939,1.359,
Large,Male,3.5,3,0.971,0.947,0.996,1.165,
Large,Male,3.5,3.5,1.000,1.000,1.000,1.000,1.000
Large,Male,3.5,4,1.003,0.975,1.031,1.044,1.000
Large,Male,3.5,4.5,0.997,0.945,1.051,1.050,
Large,Male,3.5,5,0.992,0.925,1.065,1.078,
Large,Male,3.5,5.5,0.990,0.911,1.075,1.091,
Large,Male,3.5,6,0.989,0.904,1.082,1.094,
Large,Male,4,0.5,0.822,0.740,0.913,1.555,
Large,Male,4,1,0.586,0.532,0.645,2.250,
Large,Male,4,1.5,0.637,0.587,0.691,2.074,
Large,Male,4,2,0.782,0.727,0.841,1.655,
Large,Male,4,2.5,0.899,0.839,0.962,1.364,
Large,Male,4,3,0.969,0.919,1.021,1.174,
Large,Male,4,3.5,0.997,0.970,1.026,1.044,
Large,Male,4,4,1.000,1.000,1.000,1.000,1.000
Large,Male,4,4.5,0.994,0.970,1.019,1.068,
Large,Male,4,5,0.990,0.948,1.033,1.091,
Large,Male,4,5.5,0.988,0.934,1.044,1.103,
Large,Male,4,6,0.987,0.926,1.052,1.106,
Large,Male,4.5,0.5,0.826,0.741,0.922,1.543,
Large,Male,4.5,1,0.589,0.535,0.650,2.238,
Large,Male,4.5,1.5,0.640,0.584,0.702,2.062,
Large,Male,4.5,2,0.787,0.716,0.864,1.643,
Large,Male,4.5,2.5,0.904,0.825,0.991,1.351,
Large,Male,4.5,3,0.974,0.902,1.053,1.154,
Large,Male,4.5,3.5,1.003,0.952,1.058,1.050,1.000
Large,Male,4.5,4,1.006,0.981,1.031,1.068,1.000
Large,Male,4.5,4.5,1.000,1.000,1.000,1.000,1.000
Large,Male,4.5,5,0.996,0.978,1.014,1.058,
Large,Male,4.5,5.5,0.993,0.963,1.025,1.073,
Large,Male,4.5,6,0.993,0.953,1.034,1.077,
Large,Male,5,0.5,0.830,0.740,0.931,1.534,
Large,Male,5,1,0.592,0.535,0.655,2.228,
Large,Male,5,1.5,0.643,0.581,0.712,2.053,
Large,Male,5,2,0.790,0.709,0.881,1.634,
Large,Male,5,2.5,0.908,0.814,1.012,1.341,
Large,Male,5,3,0.979,0.890,1.076,1.139,
Large,Male,5,3.5,1.008,0.939,1.082,1.078,1.000
Large,Male,5,4,1.010,0.968,1.055,1.091,1.000
Large,Male,5,4.5,1.004,0.986,1.023,1.058,1.000
Large,Male,5,5,1.000,1.000,1.000,1.000,1.000
Large,Male,5,5.5,0.998,0.984,1.011,1.042,
Large,Male,5,6,0.997,0.973,1.022,1.048,
Large,Male,5.5,0.5,0.832,0.739,0.937,1.529,
Large,Male,5.5,1,0.593,0.535,0.658,2.223,
Large,Male,5.5,1.5,0.645,0.579,0.718,2.048,
Large,Male,5.5,2,0.792,0.704,0.891,1.629,
Large,Male,5.5,2.5,0.910,0.808,1.026,1.336,
Large,Male,5.5,3,0.981,0.882,1.091,1.130,
Large,Male,5.5,3.5,1.010,0.930,1.097,1.091,1.000
Large,Male,5.5,4,1.013,0.958,1.070,1.103,1.000
Large,Male,5.5,4.5,1.007,0.976,1.039,1.073,1.000
Large,Male,5.5,5,1.002,0.989,1.016,1.042,1.000
Large,Male,5.5,5.5,1.000,1.000,1.000,1.000,1.000
Large,Male,5.5,6,0.999,0.988,1.011,1.023,
Large,Male,6,0.5,0.833,0.738,0.939,1.527,
Large,Male,6,1,0.594,0.535,0.659,2.222,
Large,Male,6,1.5,0.645,0.578,0.720,2.047,
Large,Male,6,2,0.793,0.701,0.896,1.628,
Large,Male,6,2.5,0.911,0.804,1.032,1.334,
Large,Male,6,3,0.982,0.877,1.099,1.128,
Large,Male,6,3.5,1.011,0.924,1.106,1.094,1.000
Large,Male,6,4,1.013,0.951,1.080,1.106,1.000
Large,Male,6,4.5,1.007,0.967,1.050,1.077,1.000
Large,Male,6,5,1.003,0.979,1.028,1.048,1.000
Large,Male,6,5.5,1.001,0.989,1.013,1.023,1.000
Large,Male,6,6,1.000,1.000,1.000,1.000,1.000
Giant,Female,0.5,0.5,1.000,1.000,1.000,1.000,1.000
Giant,Female,0.5,1,1.017,0.876,1.180,1.120,1.000
Giant,Female,0.5,1.5,1.173,0.990,1.389,1.478,1.000
Giant,Female,0.5,2,1.368,1.148,1.630,1.791,1.433
Giant,Female,0.5,2.5,1.504,1.251,1.808,1.984,1.610
Giant,Female,0.5,3,1.570,1.306,1.887,2.074,1.698
Giant,Female,0.5,3.5,1.579,1.317,1.892,2.085,1.715
Giant,Female,0.5,4,1.550,1.289,1.864,2.046,1.671
Giant,Female,0.5,4.5,1.506,1.241,1.828,1.987,1.595
Giant,Female,0.5,5,1.461,1.193,1.788,1.924,1.514
Giant,Female,0.5,5.5,1.413,1.149,1.739,1.857,1.434
Giant,Female,0.5,6,1.365,1.107,1.683,1.787,1.354
Giant,Female,1,0.5,0.983,0.847,1.141,1.120,
Giant,Female,1,1,1.000,1.000,1.000,1.000,1.000
Giant,Female,1,1.5,1.153,1.081,1.231,1.443,1.297
Giant,Female,1,2,1.345,1.178,1.536,1.757,1.488
Giant,Female,1,2.5,1.479,1.253,1.746,1.949,1.614
Giant,Female,1,3,1.544,1.301,1.832,2.039,1.690
Giant,Female,1,3.5,1.553,1.317,1.830,2.050,1.714
Giant,Female,1,4,1.524,1.299,1.788,2.012,1.687
Giant,Female,1,4.5,1.481,1.260,1.742,1.953,1.625
Giant,Female,1,5,1.436,1.216,1.697,1.890,1.552
Giant,Female,1,5.5,1.390,1.173,1.647,1.823,1.478
Giant,Female,1,6,1.343,1.132,1.593,1.753,1.402
Giant,Female,1.5,0.5,0.853,0.720,1.010,1.478,
Giant,Female,1.5,1,0.867,0.813,0.925,1.443,
Giant,Female,1.5,1.5,1.000,1.000,1.000,1.000,1.000
Giant,Female,1.5,2,1.166,1.082,1.257,1.466,1.299
Giant,Female,1.5,2.5,1.282,1.146,1.435,1.660,1.429
Giant,Female,1.5,3,1.339,1.183,1.515,1.747,1.496
Giant,Female,1.5,3.5,1.346,1.185,1.529,1.758,1.500
Giant,Female,1.5,4,1.322,1.152,1.516,1.721,1.441
Giant,Female,1.5,4.5,1.284,1.103,1.496,1.664,1.344
Giant,Female,1.5,5,1.245,1.055,1.470,1.601,1.236
Giant,Female,1.5,5.5,1.205,1.013,1.433,1.534,1.104
Giant,Female,1.5,6,1.164,0.975,1.389,1.462,1.000
Giant,Female,2,0.5,0.731,0.614,0.871,1.791,
Giant,Female,2,1,0.743,0.651,0.849,1.757,
Giant,Female,2,1.5,0.857,0.795,0.924,1.466,
Giant,Female,2,2,1.000,1.000,1.000,1.000,1.000
Giant,Female,2,2.5,1.099,1.056,1.145,1.337,1.238
Giant,Female,2,3,1.148,1.078,1.222,1.433,1.292
Giant,Female,2,3.5,1.154,1.057,1.260,1.444,1.241
Giant,Female,2,4,1.133,1.004,1.279,1.405,1.052
Giant,Female,2,4.5,1.101,0.945,1.283,1.341,1.000
Giant,Female,2,5,1.068,0.896,1.272,1.267,1.000
Giant,Female,2,5.5,1.033,0.856,1.247,1.176,1.000
Giant,Female,2,6,0.998,0.823,1.211,1.038,
Giant,Female,2.5,0.5,0.665,0.553,0.799,1.984,
Giant,Female,2.5,1,0.676,0.573,0.798,1.949,
Giant,Female,2.5,1.5,0.780,0.697,0.873,1.660,
Giant,Female,2.5,2,0.910,0.874,0.947,1.337,
Giant,Female,2.5,2.5,1.000,1.000,1.000,1.000,1.000
Giant,Female,2.5,3,1.044,1.012,1.077,1.207,1.101
Giant,Female,2.5,3.5,1.050,0.979,1.125,1.222,1.000
Giant,Female,2.5,4,1.031,0.921,1.153,1.168,1.000
Giant,Female,2.5,4.5,1.002,0.863,1.163,1.036,1.000
Giant,Female,2.5,5,0.971,0.816,1.156,1.165,
Giant,Female,2.5,5.5,0.940,0.778,1.136,1.258,
Giant,Female,2.5,6,0.908,0.746,1.105,1.342,
Giant,Female,3,0.5,0.637,0.530,0.766,2.074,
Giant,Female,3,1,0.648,0.546,0.769,2.039,
Giant,Female,3,1.5,0.747,0.660,0.845,1.747,
Giant,Female,3,2,0.871,0.818,0.927,1.433,
Giant,Female,3,2.5,0.958,0.928,0.988,1.207,
Giant,Female,3,3,1.000,1.000,1.000,1.000,1.000
Giant,Female,3,3.5,1.005,0.965,1.048,1.065,1.000
Giant,Female,3,4,0.987,0.905,1.076,1.104,
Giant,Female,3,4.5,0.959,0.847,1.087,1.202,
Giant,Female,3,5,0.930,0.799,1.082,1.284,
Giant,Female,3,5.5,0.900,0.761,1.065,1.361,
Giant,Female,3,6,0.869,0.728,1.038,1.437,
Giant,Female,3.5,0.5,0.633,0.528,0.759,2.085,
Giant,Female,3.5,1,0.644,0.546,0.759,2.050,
Giant,Female,3.5,1.5,0.743,0.654,0.844,1.758,
Giant,Female,3.5,2,0.866,0.794,0.946,1.444,
Giant,Female,3.5,2.5,0.953,0.889,1.021,1.222,
Giant,Female,3.5,3,0.995,0.954,1.036,1.065,
Giant,Female,3.5,3.5,1.000,1.000,1.000,1.000,1.000
Giant,Female,3.5,4,0.982,0.938,1.028,1.127,
Giant,Female,3.5,4.5,0.954,0.876,1.039,1.218,
Giant,Female,3.5,5,0.925,0.827,1.035,1.297,
Giant,Female,3.5,5.5,0.895,0.786,1.020,1.373,
Giant,Female,3.5,6,0.865,0.750,0.997,1.448,
Giant,Female,4,0.5,0.645,0.536,0.776,2.046,
Giant,Female,4,1,0.656,0.559,0.770,2.012,
Giant,Female,4,1.5,0.757,0.660,0.868,1.721,
Giant,Female,4,2,0.883,0.782,0.996,1.405,
Giant,Female,4,2.5,0.970,0.867,1.086,1.168,
Giant,Female,4,3,1.013,0.929,1.105,1.104,1.000
Giant,Female,4,3.5,1.019,0.973,1.066,1.127,1.000
Giant,Female,4,4,1.000,1.000,1.000,1.000,1.000
Giant,Female,4,4.5,0.972,0.934,1.011,1.163,
Giant,Female,4,5,0.942,0.881,1.008,1.251,
Giant,Female,4,5.5,0.912,0.836,0.995,1.332,
Giant,Female,4,6,0.881,0.795,0.976,1.409,
Giant,Female,4.5,0.5,0.664,0.547,0.806,1.987,
Giant,Female,4.5,1,0.675,0.574,0.794,1.953,
Giant,Female,4.5,1.5,0.779,0.668,0.907,1.664,
Giant,Female,4.5,2,0.908,0.779,1.058,1.341,
Giant,Female,4.5,2.5,0.998,0.860,1.159,1.036,
Giant,Female,4.5,3,1.042,0.920,1.181,1.202,1.000
Giant,Female,4.5,3.5,1.048,0.963,1.141,1.218,1.000
Giant,Female,4.5,4,1.029,0.989,1.070,1.163,1.000
Giant,Female,4.5,4.5,1.000,1.000,1.000,1.000,1.000
Giant,Female,4.5,5,0.969,0.942,0.998,1.171,
Giant,Female,4.5,5.5,0.938,0.892,0.987,1.263,
Giant,Female,4.5,6,0.906,0.845,0.972,1.346,
Giant,Female,5,0.5,0.685,0.559,0.838,1.924,
Giant,Female,5,1,0.696,0.589,0.823,1.890,
Giant,Female,5,1.5,0.803,0.680,0.948,1.601,
Giant,Female,5,2,0.937,0.786,1.116,1.267,
Giant,Female,5,2.5,1.030,0.865,1.226,1.165,1.000
Giant,Female,5,3,1.075,0.924,1.251,1.284,1.000
Giant,Female,5,3.5,1.081,0.966,1.209,1.297,1.000
Giant,Female,5,4,1.061,0.992,1.136,1.251,1.000
Giant,Female,5,4.5,1.031,1.002,1.062,1.171,1.039
Giant,Female,5,5,1.000,1.000,1.000,1.000,1.000
Giant,Female,5,5.5,0.968,0.945,0.991,1.177,
Giant,Female,5,6,0.935,0.893,0.979,1.272,
Giant,Female,5.5,0.5,0.708,0.575,0.871,1.857,
Giant,Female,5.5,1,0.720,0.607,0.853,1.823,
Giant,Female,5.5,1.5,0.830,0.698,0.987,1.534,
Giant,Female,5.5,2,0.968,0.802,1.168,1.176,
Giant,Female,5.5,2.5,1.064,0.881,1.286,1.258,1.000
Giant,Female,5.5,3,1.111,0.939,1.314,1.361,1.000
Giant,Female,5.5,3.5,1.117,0.981,1.272,1.373,1.000
Giant,Female,5.5,4,1.097,1.005,1.197,1.332,1.062
Giant,Female,5.5,4.5,1.066,1.013,1.122,1.263,1.105
Giant,Female,5.5,5,1.033,1.010,1.058,1.177,1.088
Giant,Female,5.5,5.5,1.000,1.000,1.000,1.000,1.000
Giant,Female,5.5,6,0.966,0.943,0.990,1.182,
Giant,Female,6,0.5,0.732,0.594,0.903,1.787,
Giant,Female,6,1,0.745,0.628,0.884,1.753,
Giant,Female,6,1.5,0.859,0.720,1.025,1.462,
Giant,Female,6,2,1.002,0.826,1.216,1.038,1.000
Giant,Female,6,2.5,1.102,0.905,1.341,1.342,1.000
Giant,Female,6,3,1.150,0.964,1.373,1.437,1.000
Giant,Female,6,3.5,1.156,1.003,1.333,1.448,1.052
Giant,Female,6,4,1.135,1.025,1.258,1.409,1.148
Giant,Female,6,4.5,1.103,1.028,1.184,1.346,1.161
Giant,Female,6,5,1.070,1.021,1.120,1.272,1.138
Giant,Female,6,5.5,1.035,1.010,1.061,1.182,1.092
Giant,Female,6,6,1.000,1.000,1.000,1.000,1.000
Giant,Male,0.5,0.5,1.000,1.000,1.000,1.000,1.000
Giant,Male,0.5,1,0.967,0.834,1.121,1.179,
Giant,Male,0.5,1.5,1.153,0.975,1.363,1.442,1.000
Giant,Male,0.5,2,1.430,1.204,1.699,1.881,1.532
Giant,Male,0.5,2.5,1.656,1.382,1.985,2.186,1.812
Giant,Male,0.5,3,1.803,1.505,2.159,2.370,1.985
Giant,Male,0.5,3.5,1.872,1.567,2.236,2.455,2.069
Giant,Male,0.5,4,1.883,1.570,2.258,2.468,2.073
Giant,Male,0.5,4.5,1.862,1.538,2.256,2.443,2.030
Giant,Male,0.5,5,1.827,1.495,2.233,2.401,1.972
Giant,Male,0.5,5.5,1.780,1.449,2.187,2.343,1.908
Giant,Male,0.5,6,1.724,1.401,2.122,2.273,1.839
Giant,Male,1,0.5,1.034,0.892,1.199,1.179,1.000
Giant,Male,1,1,1.000,1.000,1.000,1.000,1.000
Giant,Male,1,1.5,1.193,1.119,1.271,1.513,1.378
Giant,Male,1,2,1.479,1.300,1.683,1.950,1.688
Giant,Male,1,2.5,1.713,1.458,2.014,2.259,1.920
Giant,Male,1,3,1.865,1.578,2.203,2.446,2.084
Giant,Male,1,3.5,1.936,1.650,2.272,2.531,2.178
Giant,Male,1,4,1.947,1.666,2.276,2.545,2.199
Giant,Male,1,4.5,1.926,1.644,2.258,2.520,2.170
Giant,Male,1,5,1.890,1.605,2.226,2.476,2.119
Giant,Male,1,5.5,1.842,1.559,2.176,2.418,2.058
Giant,Male,1,6,1.783,1.508,2.109,2.347,1.989
Giant,Male,1.5,0.5,0.867,0.733,1.025,1.442,
Giant,Male,1.5,1,0.838,0.787,0.893,1.513,
Giant,Male,1.5,1.5,1.000,1.000,1.000,1.000,1.000
Giant,Male,1.5,2,1.240,1.152,1.335,1.593,1.441
Giant,Male,1.5,2.5,1.436,1.287,1.603,1.890,1.668
Giant,Male,1.5,3,1.563,1.386,1.763,2.064,1.817
Giant,Male,1.5,3.5,1.623,1.434,1.838,2.143,1.886
Giant,Male,1.5,4,1.633,1.427,1.868,2.156,1.877
Giant,Male,1.5,4.5,1.615,1.390,1.877,2.133,1.823
Giant,Male,1.5,5,1.585,1.346,1.866,2.093,1.758
Giant,Male,1.5,5.5,1.544,1.301,1.832,2.038,1.690
Giant,Male,1.5,6,1.495,1.256,1.780,1.972,1.619
Giant,Male,2,0.5,0.699,0.589,0.831,1.881,
Giant,Male,2,1,0.676,0.594,0.769,1.950,
Giant,Male,2,1.5,0.806,0.749,0.868,1.593,
Giant,Male,2,2,1.000,1.000,1.000,1.000,1.000
Giant,Male,2,2.5,1.158,1.114,1.205,1.452,1.366
Giant,Male,2,3,1.261,1.186,1.340,1.626,1.501
Giant,Male,2,3.5,1.309,1.200,1.428,1.702,1.526
Giant,Male,2,4,1.317,1.168,1.485,1.714,1.469
Giant,Male,2,4.5,1.302,1.119,1.515,1.692,1.378
Giant,Male,2,5,1.278,1.075,1.520,1.654,1.283
Giant,Male,2,5.5,1.245,1.034,1.499,1.601,1.178
Giant,Male,2,6,1.206,0.996,1.460,1.535,1.000
Giant,Male,2.5,0.5,0.604,0.504,0.723,2.186,
Giant,Male,2.5,1,0.584,0.497,0.686,2.259,
Giant,Male,2.5,1.5,0.696,0.624,0.777,1.890,
Giant,Male,2.5,2,0.863,0.830,0.898,1.452,
Giant,Male,2.5,2.5,1.000,1.000,1.000,1.000,1.000
Giant,Male,2.5,3,1.088,1.055,1.122,1.314,1.237
Giant,Male,2.5,3.5,1.130,1.055,1.211,1.399,1.236
Giant,Male,2.5,4,1.137,1.017,1.271,1.411,1.120
Giant,Male,2.5,4.5,1.124,0.970,1.304,1.388,1.000
Giant,Male,2.5,5,1.103,0.928,1.311,1.345,1.000
Giant,Male,2.5,5.5,1.075,0.891,1.296,1.284,1.000
Giant,Male,2.5,6,1.041,0.857,1.264,1.198,1.000
Giant,Male,3,0.5,0.555,0.463,0.664,2.370,
Giant,Male,3,1,0.536,0.454,0.634,2.446,
Giant,Male,3,1.5,0.640,0.567,0.722,2.064,
Giant,Male,3,2,0.793,0.746,0.843,1.626,
Giant,Male,3,2.5,0.919,0.891,0.947,1.314,
Giant,Male,3,3,1.000,1.000,1.000,1.000,1.000
Giant,Male,3,3.5,1.038,0.997,1.082,1.191,1.000
Giant,Male,3,4,1.044,0.959,1.138,1.208,1.000
Giant,Male,3,4.5,1.033,0.913,1.169,1.176,1.000
Giant,Male,3,5,1.014,0.873,1.177,1.107,1.000
Giant,Male,3,5.5,0.988,0.837,1.166,1.102,
Giant,Male,3,6,0.956,0.803,1.139,1.211,
Giant,Male,3.5,0.5,0.534,0.447,0.638,2.455,
Giant,Male,3.5,1,0.517,0.440,0.606,2.531,
Giant,Male,3.5,1.5,0.616,0.544,0.698,2.143,
Giant,Male,3.5,2,0.764,0.700,0.833,1.702,
Giant,Male,3.5,2.5,0.885,0.826,0.948,1.399,
Giant,Male,3.5,3,0.963,0.924,1.003,1.191,
Giant,Male,3.5,3.5,1.000,1.000,1.000,1.000,1.000
Giant,Male,3.5,4,1.006,0.961,1.053,1.068,1.000
Giant,Male,3.5,4.5,0.995,0.915,1.082,1.063,
Giant,Male,3.5,5,0.976,0.874,1.091,1.148,
Giant,Male,3.5,5.5,0.951,0.837,1.081,1.227,
Giant,Male,3.5,6,0.921,0.801,1.059,1.308,
Giant,Male,4,0.5,0.531,0.443,0.637,2.468,
Giant,Male,4,1,0.513,0.439,0.600,2.545,
Giant,Male,4,1.5,0.612,0.535,0.701,2.156,
Giant,Male,4,2,0.759,0.674,0.856,1.714,
Giant,Male,4,2.5,0.880,0.787,0.983,1.411,
Giant,Male,4,3,0.957,0.879,1.043,1.208,
Giant,Male,4,3.5,0.994,0.950,1.040,1.068,
Giant,Male,4,4,1.000,1.000,1.000,1.000,1.000
Giant,Male,4,4.5,0.989,0.951,1.029,1.095,
Giant,Male,4,5,0.971,0.908,1.038,1.167,
Giant,Male,4,5.5,0.946,0.868,1.031,1.242,
Giant,Male,4,6,0.916,0.828,1.013,1.322,
Giant,Male,4.5,0.5,0.537,0.443,0.650,2.443,
Giant,Male,4.5,1,0.519,0.443,0.608,2.520,
Giant,Male,4.5,1.5,0.619,0.533,0.719,2.133,
Giant,Male,4.5,2,0.768,0.660,0.893,1.692,
Giant,Male,4.5,2.5,0.889,0.767,1.031,1.388,
Giant,Male,4.5,3,0.968,0.855,1.096,1.176,
Giant,Male,4.5,3.5,1.005,0.924,1.093,1.063,1.000
Giant,Male,4.5,4,1.011,0.972,1.051,1.095,1.000
Giant,Male,4.5,4.5,1.000,1.000,1.000,1.000,1.000
Giant,Male,4.5,5,0.981,0.954,1.010,1.129,
Giant,Male,4.5,5.5,0.956,0.909,1.005,1.213,
Giant,Male,4.5,6,0.926,0.864,0.992,1.296,
Giant,Male,5,0.5,0.547,0.448,0.669,2.401,
Giant,Male,5,1,0.529,0.449,0.623,2.476,
Giant,Male,5,1.5,0.631,0.536,0.743,2.093,
Giant,Male,5,2,0.783,0.658,0.931,1.654,
Giant,Male,5,2.5,0.906,0.763,1.077,1.345,
Giant,Male,5,3,0.987,0.849,1.146,1.107,
Giant,Male,5,3.5,1.024,0.917,1.145,1.148,1.000
Giant,Male,5,4,1.030,0.964,1.102,1.167,1.000
Giant,Male,5,4.5,1.019,0.991,1.049,1.129,1.000
Giant,Male,5,5,1.000,1.000,1.000,1.000,1.000
Giant,Male,5,5.5,0.974,0.952,0.997,1.154,
Giant,Male,5,6,0.944,0.901,0.988,1.248,
Giant,Male,5.5,0.5,0.562,0.457,0.690,2.343,
Giant,Male,5.5,1,0.543,0.460,0.642,2.418,
Giant,Male,5.5,1.5,0.648,0.546,0.769,2.038,
Giant,Male,5.5,2,0.803,0.667,0.967,1.601,
Giant,Male,5.5,2.5,0.930,0.771,1.122,1.284,
Giant,Male,5.5,3,1.013,0.858,1.195,1.102,1.000
Giant,Male,5.5,3.5,1.051,0.925,1.195,1.227,1.000
Giant,Male,5.5,4,1.058,0.970,1.153,1.242,1.000
Giant,Male,5.5,4.5,1.046,0.995,1.100,1.213,1.000
Giant,Male,5.5,5,1.026,1.003,1.050,1.154,1.047
Giant,Male,5.5,5.5,1.000,1.000,1.000,1.000,1.000
Giant,Male,5.5,6,0.968,0.945,0.992,1.174,
Giant,Male,6,0.5,0.580,0.471,0.714,2.273,
Giant,Male,6,1,0.561,0.474,0.663,2.347,
Giant,Male,6,1.5,0.669,0.562,0.796,1.972,
Giant,Male,6,2,0.829,0.685,1.004,1.535,
Giant,Male,6,2.5,0.961,0.791,1.167,1.198,
Giant,Male,6,3,1.046,0.878,1.245,1.211,1.000
Giant,Male,6,3.5,1.086,0.944,1.249,1.308,1.000
Giant,Male,6,4,1.092,0.987,1.208,1.322,1.000
Giant,Male,6,4.5,1.080,1.008,1.158,1.296,1.078
Giant,Male,6,5,1.060,1.012,1.109,1.248,1.102
Giant,Male,6,5.5,1.033,1.008,1.058,1.174,1.080
Giant,Male,6,6,1.000,1.000,1.000,1.000,1.000
